"game","set_code","set_name","collector_number","card_name","printing_id","problem"
"pokemon","B2a","Paldean Wonders","008/93","Dolliv","cmukzoaiw01yvaz6ozdm6zux4","404"
"pokemon","B2a","Paldean Wonders","013/93","Scovillain","cmukzoajk01zpaz6oft9034nq","404"
"pokemon","B2a","Paldean Wonders","015/93","Wo-Chien","cmukzoajr0201az6orkgutwhm","404"
"pokemon","B2a","Paldean Wonders","012/93","Capsakid","cmukzoaje01zjaz6oesp94iie","404"
"pokemon","B2a","Paldean Wonders","006/93","Nymble","cmukzoain01yjaz6osgv6tkd7","404"
"pokemon","B2a","Paldean Wonders","002/93","Floragato","cmukzoai801xvaz6o62fzi8k5","404"
"pokemon","B2a","Paldean Wonders","010/93","Bramblin","cmukzoaj501z7az6ormxty9qo","404"
"pokemon","B2a","Paldean Wonders","007/93","Smoliv","cmukzoais01ypaz6oxxy6i4f3","404"
"pokemon","B2a","Paldean Wonders","001/93","Sprigatito","cmukzoai401xpaz6ocek9jwqe","404"
"pokemon","B2a","Paldean Wonders","009/93","Arboliva","cmukzoaj001z1az6oxzdz6543","404"
"pokemon","B2a","Paldean Wonders","003/93","Meowscarada","cmukzoaic01y1az6o2o471lmb","404"
"pokemon","B2a","Paldean Wonders","011/93","Brambleghast","cmukzoaj901zdaz6oiqq3bns3","404"
"pokemon","B2a","Paldean Wonders","016/93","Fuecoco","cmukzoaju0207az6o5lrvy6gk","404"
"pokemon","B2a","Paldean Wonders","014/93","Rellor","cmukzoajo01zvaz6oe6npwqbf","404"
"pokemon","B2a","Paldean Wonders","005/93","Spidops","cmukzoaij01ydaz6ofqfm2w91","404"
"pokemon","B2a","Paldean Wonders","004/93","Tarountula","cmukzoaif01y7az6os045nk5a","404"
"pokemon","B2a","Paldean Wonders","026/93","Wugtrio","cmukzoaky021vaz6o5s652pab","404"
"pokemon","B2a","Paldean Wonders","024/93","Quaquaval","cmukzoakr021jaz6oy42aeu5j","404"
"pokemon","B2a","Paldean Wonders","017/93","Crocalor","cmukzoajy020daz6od7jt6djy","404"
"pokemon","B2a","Paldean Wonders","020/93","Armarouge","cmukzoakc020vaz6oz2mhds9k","404"
"pokemon","B2a","Paldean Wonders","022/93","Quaxly","cmukzoakj0217az6oy6bxhtev","404"
"pokemon","B2a","Paldean Wonders","021/93","Chi-Yu","cmukzoakg0211az6o14omtbqi","404"
"pokemon","B2a","Paldean Wonders","025/93","Wiglett","cmukzoaku021paz6os5mp947y","404"
"pokemon","B2a","Paldean Wonders","018/93","Skeledirge","cmukzoak2020jaz6omfh5tyr1","404"
"pokemon","B2a","Paldean Wonders","023/93","Quaxwell","cmukzoakn021daz6o02ux5qst","404"
"pokemon","B2a","Paldean Wonders","027/93","Finizen","cmukzoal30221az6o7zhjhfaj","404"
"pokemon","B2a","Paldean Wonders","019/93","Charcadet","cmukzoak8020paz6org83o7jd","404"
"pokemon","B2a","Paldean Wonders","028/93","Palafin","cmukzoal60227az6o6dx7xzl4","404"
"pokemon","B2a","Paldean Wonders","029/93","Cetoddle","cmukzoala022daz6olcv18qxz","404"
"pokemon","B2a","Paldean Wonders","031/93","Veluza","cmukzoali022paz6oxv15ny74","404"
"pokemon","B2a","Paldean Wonders","032/93","Dondozo","cmukzoalm022vaz6o1wrtzhsm","404"
"pokemon","B2a","Paldean Wonders","030/93","Cetitan","cmukzoalf022jaz6o0d51wtfe","404"
"pokemon","B2a","Paldean Wonders","034/93","Frigibax","cmukzoals0237az6o9hvu50tt","404"
"pokemon","B2a","Paldean Wonders","038/93","Pawmi","cmukzoam6023vaz6o47r96sdq","404"
"pokemon","B2a","Paldean Wonders","037/93","Chien-Pao","cmukzoam3023paz6o3yz5jft7","404"
"pokemon","B2a","Paldean Wonders","033/93","Tatsugiri","cmukzoalp0231az6ot52ppqvy","404"
"pokemon","B2a","Paldean Wonders","036/93","Baxcalibur","cmukzoalz023jaz6o5nfkiyrq","404"
"pokemon","B2a","Paldean Wonders","039/93","Pawmo","cmukzoam90241az6o0rstfjga","404"
"pokemon","B2a","Paldean Wonders","035/93","Arctibax","cmukzoalw023daz6ozwi8f36h","404"
"pokemon","B2a","Paldean Wonders","040/93","Pawmot","cmukzoamd0247az6o563m5aj7","404"
"pokemon","B2a","Paldean Wonders","042/93","Bellibolt","cmukzoaml024jaz6ojg8yw185","404"
"pokemon","B2a","Paldean Wonders","043/93","Wattrel","cmukzoamo024paz6o2defuymh","404"
"pokemon","B2a","Paldean Wonders","041/93","Tadbulb","cmukzoamg024daz6obtwl4ub0","404"
"pokemon","B2a","Paldean Wonders","045/93","Miraidon","cmukzoamx0251az6oxpjvwfqv","404"
"pokemon","B2a","Paldean Wonders","046/93","Fidough","cmukzoan20257az6oxbrs563j","404"
"pokemon","B2a","Paldean Wonders","047/93","Dachsbun","cmukzoan8025daz6orrzpoplr","404"
"pokemon","B2a","Paldean Wonders","044/93","Kilowattrel","cmukzoams024vaz6oxz1u9eq8","404"
"pokemon","B2a","Paldean Wonders","048/93","Ceruledge","cmukzoanc025jaz6oa5ftnfcq","404"
"pokemon","B2a","Paldean Wonders","049/93","Rabsca","cmukzoang025paz6otsafqqe0","404"
"pokemon","B2a","Paldean Wonders","053/93","Houndstone","cmukzoanu026daz6objswrtu9","404"
"pokemon","B2a","Paldean Wonders","051/93","Espathra","cmukzoanm0261az6onzmbgkgj","404"
"pokemon","B2a","Paldean Wonders","057/93","Annihilape","cmukzoao70271az6ojqf1iqbg","404"
"pokemon","B2a","Paldean Wonders","052/93","Greavard","cmukzoanq0267az6oz2mtm5jt","404"
"pokemon","B2a","Paldean Wonders","058/93","Paldean Tauros","cmukzoaoa0277az6o8gaq5369","404"
"pokemon","B2a","Paldean Wonders","055/93","Mankey","cmukzoao0026paz6okut15wf8","404"
"pokemon","B2a","Paldean Wonders","054/93","Gimmighoul","cmukzoanx026jaz6oiws0eqj3","404"
"pokemon","B2a","Paldean Wonders","056/93","Primeape","cmukzoao3026vaz6oxqdmtjaw","404"
"pokemon","B2a","Paldean Wonders","060/93","Toedscruel","cmukzoaoh027jaz6owkmjchhz","404"
"pokemon","B2a","Paldean Wonders","062/93","Ting-Lu","cmukzoaor027vaz6om8n9fsvv","404"
"pokemon","B2a","Paldean Wonders","061/93","Klawf","cmukzoaon027paz6oblk8djpz","404"
"pokemon","B2a","Paldean Wonders","050/93","Flittle","cmukzoanj025vaz6o0ruw2vgq","404"
"pokemon","B2a","Paldean Wonders","059/93","Toedscool","cmukzoaoe027daz6o74yqm7yw","404"
"pokemon","B2a","Paldean Wonders","063/93","Koraidon","cmukzoaou0281az6oofuhin83","404"
"pokemon","B2a","Paldean Wonders","064/93","Paldean Wooper","cmukzoaox0287az6o80iay6pt","404"
"pokemon","B2a","Paldean Wonders","066/93","Lokix","cmukzoap4028jaz6oynrhjtom","404"
"pokemon","B2a","Paldean Wonders","067/93","Maschiff","cmukzoap8028naz6oxz1tezt7","404"
"pokemon","B2a","Paldean Wonders","071/93","Bombirdier","cmukzoapp029baz6owzj7nz9x","404"
"pokemon","B2a","Paldean Wonders","068/93","Mabosstiff","cmukzoape028taz6oj6miykks","404"
"pokemon","B2a","Paldean Wonders","070/93","Grafaiai","cmukzoapl0295az6ov0pxksfv","404"
"pokemon","B2a","Paldean Wonders","073/93","Tinkatuff","cmukzoapw029naz6otfi4xsdk","404"
"pokemon","B2a","Paldean Wonders","074/93","Tinkaton","cmukzoapz029taz6olkvlozw2","404"
"pokemon","B2a","Paldean Wonders","075/93","Varoom","cmukzoaq5029zaz6oev0fq39u","404"
"pokemon","B2a","Paldean Wonders","076/93","Revavroom","cmukzoaq802a5az6ovaip54zo","404"
"pokemon","B2a","Paldean Wonders","077/93","Orthworm","cmukzoaqc02abaz6oetnk19mp","404"
"pokemon","B2a","Paldean Wonders","069/93","Shroodle","cmukzoapi028zaz6o1mhxd22p","404"
"pokemon","B2a","Paldean Wonders","072/93","Tinkatink","cmukzoaps029haz6olhenkb9v","404"
"pokemon","B2a","Paldean Wonders","078/93","Gholdengo","cmukzoaqf02ahaz6oow3s7vls","404"
"pokemon","B2a","Paldean Wonders","079/93","Lechonk","cmukzoaqj02anaz6ok48codce","404"
"pokemon","B2a","Paldean Wonders","065/93","Paldean Clodsire","cmukzoap1028daz6o4c79t6sl","404"
"pokemon","B2a","Paldean Wonders","080/93","Oinkologne","cmukzoaqm02ataz6o3di45jxr","404"
"pokemon","B2a","Paldean Wonders","081/93","Tandemaus","cmukzoaqq02azaz6oo15266dt","404"
"pokemon","B2a","Paldean Wonders","082/93","Maushold","cmukzoaqw02b5az6oi4firkuz","404"
"pokemon","B2a","Paldean Wonders","084/93","Cyclizar","cmukzoar402bhaz6oz3jjkmib","404"
"pokemon","B2a","Paldean Wonders","085/93","Flamigo","cmukzoar702bnaz6oju5qvsq7","404"
"pokemon","B2a","Paldean Wonders","088/93","Team Star Grunt","cmukzoaro02c5az6ou7z272sl","404"
"pokemon","B2a","Paldean Wonders","090/93","Nemona","cmukzoarw02chaz6opmbqxdco","404"
"pokemon","B2a","Paldean Wonders","083/93","Squawkabilly","cmukzoar002bbaz6onvxrcsip","404"
"pokemon","B2a","Paldean Wonders","089/93","Iono","cmukzoart02cbaz6oynmts1v3","404"
"pokemon","B2a","Paldean Wonders","086/93","Electric Generator","cmukzoarc02btaz6oo8jb2c41","404"
"pokemon","B2a","Paldean Wonders","092/93","Penny","cmukzoas402ctaz6onw5w0ub2","404"
"pokemon","B2a","Paldean Wonders","087/93","Big Air Balloon","cmukzoarh02bzaz6ocdlibl7v","404"
"pokemon","B2a","Paldean Wonders","093/93","Mesagoza","cmukzoas702czaz6oiknu4dd5","404"
"pokemon","B2a","Paldean Wonders","094/93","Fuecoco","cmukzoasb02d3az6o0c2x9ymz","404"
"pokemon","B2a","Paldean Wonders","091/93","Arven","cmukzoas002cnaz6ojj00ox08","404"
"pokemon","B2a","Paldean Wonders","095/93","Greavard","cmukzoasf02d7az6oeszv357d","404"
"pokemon","B2a","Paldean Wonders","097/93","Paldean Wooper","cmukzoasn02dfaz6ot4kuj4ek","404"
"pokemon","B2a","Paldean Wonders","098/93","Orthworm","cmukzoasq02djaz6ob2fa2hm4","404"
"pokemon","B2a","Paldean Wonders","100/93","Meowscarada","cmukzoasy02draz6obcwmq4rt","404"
"pokemon","B2a","Paldean Wonders","099/93","Maushold","cmukzoasv02dnaz6opaz4fz2t","404"
"pokemon","B2a","Paldean Wonders","101/93","Armarouge","cmukzoat202dvaz6og1gdpkk9","404"
"pokemon","B2a","Paldean Wonders","096/93","Gimmighoul","cmukzoasj02dbaz6oon5j8503","404"
"pokemon","B2a","Paldean Wonders","106/93","Iono","cmukzoatj02efaz6ogp5p7m35","404"
"pokemon","B2a","Paldean Wonders","103/93","Bellibolt","cmukzoat902e3az6onbje4zht","404"
"pokemon","B2a","Paldean Wonders","105/93","Team Star Grunt","cmukzoatg02ebaz6org0xkf31","404"
"pokemon","B2a","Paldean Wonders","108/93","Arven","cmukzoatr02enaz6ofsu9nf5n","404"
"pokemon","B2a","Paldean Wonders","107/93","Nemona","cmukzoato02ejaz6oa4i5a3f2","404"
"pokemon","B2a","Paldean Wonders","110/93","Meowscarada","cmukzoaty02evaz6oxy31cy6i","404"
"pokemon","B2a","Paldean Wonders","109/93","Penny","cmukzoatv02eraz6o9myanh8h","404"
"pokemon","B2a","Paldean Wonders","102/93","Chien-Pao","cmukzoat502dzaz6o9ffchjxk","404"
"pokemon","B2a","Paldean Wonders","111/93","Armarouge","cmukzoau202ezaz6oemk3doh1","404"
"pokemon","B2a","Paldean Wonders","104/93","Gholdengo","cmukzoatc02e7az6ol2cc1p23","404"
"pokemon","B2a","Paldean Wonders","112/93","Chien-Pao","cmukzoau502f3az6ohsv5rzxf","404"
"pokemon","B2a","Paldean Wonders","113/93","Bellibolt","cmukzoau902f7az6oy6f81byc","404"
"pokemon","B2a","Paldean Wonders","115/93","Arven","cmukzoaug02ffaz6obcj4acr4","404"
"pokemon","B2a","Paldean Wonders","114/93","Gholdengo","cmukzoaud02fbaz6odmf0p10k","404"
"pokemon","B2a","Paldean Wonders","117/93","Floragato","cmukzoauo02fnaz6ory098msa","404"
"pokemon","B2a","Paldean Wonders","116/93","Sprigatito","cmukzoauk02fjaz6oelitoarz","404"
"pokemon","B2a","Paldean Wonders","118/93","Meowscarada","cmukzoaur02ftaz6o5ztf2841","404"
"pokemon","B2a","Paldean Wonders","119/93","Pawmi","cmukzoauv02fxaz6oirr4dyyj","404"
"pokemon","B2a","Paldean Wonders","122/93","Gimmighoul","cmukzoav502g9az6o4jgjb8x9","404"
"pokemon","B2a","Paldean Wonders","121/93","Pawmot","cmukzoav102g5az6o4jdxwenv","404"
"pokemon","B2a","Paldean Wonders","123/93","Tinkatink","cmukzoav802gdaz6o6tgg2qbf","404"
"pokemon","B2a","Paldean Wonders","124/93","Tinkatuff","cmukzoavb02ghaz6o89b3x9dh","404"
"pokemon","B2a","Paldean Wonders","125/93","Gholdengo","cmukzoavf02gnaz6o9yyzr91o","404"
"pokemon","B2a","Paldean Wonders","126/93","Entei","cmukzoavi02gtaz6o0ipl15oa","404"
"pokemon","B2a","Paldean Wonders","120/93","Pawmo","cmukzoauy02g1az6oksuo3r4h","404"
"pokemon","B2a","Paldean Wonders","127/93","Suicune","cmukzoavm02gzaz6orrz07gfa","404"
"pokemon","B2a","Paldean Wonders","128/93","Raikou","cmukzoavp02h5az6oc2kww1mc","404"
"pokemon","B2a","Paldean Wonders","129/93","Tinkaton","cmukzoavs02hbaz6oliaifn6f","404"
"pokemon","B2a","Paldean Wonders","131/93","Electric Generator","cmukzoavz02hjaz6or5qosqrr","404"
"pokemon","B2a","Paldean Wonders","130/93","Baxcalibur","cmukzoavv02hfaz6o4dv56xn3","404"
"pokemon","B1a","Crimson Blaze","088/69","Oddish","cmukzoi2505e0az6o83egum8p","404"
"pokemon","mep","MEP Black Star Promos","Museum","Pikachu at the Museum","cmukzorbr08zfaz6okmvasqtx","404"
"pokemon","mep","MEP Black Star Promos","034","Mega Meganium ex","cmukzoqxa08oxaz6odiouecpx","404"
"pokemon","mep","MEP Black Star Promos","032","Mega Gardevoir ex","cmukzoqwv08opaz6ofo8jt7hg","404"
"pokemon","mep","MEP Black Star Promos","035","Mega Emboar ex","cmukzoqxh08p1az6odibb1s8g","404"
"pokemon","mep","MEP Black Star Promos","046","Chikorita","cmukzoqzm08qraz6okd4st4h0","404"
"pokemon","mep","MEP Black Star Promos","048","Totodile","cmukzor0108r3az6ogvcz8tm7","404"
"pokemon","mep","MEP Black Star Promos","050","Tepig","cmukzor0f08rdaz6ocnbn46bx","404"
"pokemon","mep","MEP Black Star Promos","047","Cyndaquil","cmukzoqzu08qxaz6oe0z7t6ty","404"
"pokemon","mep","MEP Black Star Promos","055","Treecko","cmukzor1f08s5az6oxe6p9ean","404"
"pokemon","mep","MEP Black Star Promos","053","Scorbunny","cmukzor1108rtaz6oz9ew7gdw","404"
"pokemon","mep","MEP Black Star Promos","052","Grookey","cmukzor0u08rnaz6oavcmm0xy","404"
"pokemon","mep","MEP Black Star Promos","054","Sobble","cmukzor1808rzaz6oibqg5ymv","404"
"pokemon","mep","MEP Black Star Promos","033","Mega Lucario ex","cmukzoqx308otaz6ov9rx9qqw","404"
"pokemon","mep","MEP Black Star Promos","036","Mega Feraligatr ex","cmukzoqxp08p5az6osjxzfsp7","404"
"pokemon","mep","MEP Black Star Promos","051","Oshawott","cmukzor0m08rjaz6oqmzcgk0j","404"
"pokemon","mep","MEP Black Star Promos","049","Snivy","cmukzor0808r9az6oz4bl9u8y","404"
"pokemon","mep","MEP Black Star Promos","056","Torchic","cmukzor1m08s9az6om0xumwib","404"
"pokemon","mep","MEP Black Star Promos","057","Mudkip","cmukzor1u08sdaz6ox8v7asu0","404"
"pokemon","mep","MEP Black Star Promos","058","Chespin","cmukzor2108sjaz6oqfw2tcd7","404"
"pokemon","mep","MEP Black Star Promos","059","Fennekin","cmukzor2808spaz6oh648x8c1","404"
"pokemon","mep","MEP Black Star Promos","060","Froakie","cmukzor2g08staz6obvb6xio1","404"
"pokemon","mep","MEP Black Star Promos","061","Sprigatito","cmukzor2n08sxaz6o62mxcdvp","404"
"pokemon","mep","MEP Black Star Promos","064","Serperior","cmukzor3a08tdaz6o9chechyj","404"
"pokemon","mep","MEP Black Star Promos","062","Fuecoco","cmukzor2v08t3az6odhni9rny","404"
"pokemon","mep","MEP Black Star Promos","065","Barbaracle","cmukzor3h08thaz6okr0hh1s4","404"
"pokemon","mep","MEP Black Star Promos","066","Tyrantrum","cmukzor3p08tlaz6ownzt8gmb","404"
"pokemon","mep","MEP Black Star Promos","067","Doublade","cmukzor3w08tpaz6ojllzwp8e","404"
"pokemon","mep","MEP Black Star Promos","068","Makuhita","cmukzor4408ttaz6o40kecthj","404"
"pokemon","mep","MEP Black Star Promos","069","Chikorita","cmukzor4b08txaz6oajxs4cot","404"
"pokemon","mep","MEP Black Star Promos","063","Quaxly","cmukzor3208t9az6ox2c0ptdk","404"
"pokemon","mep","MEP Black Star Promos","071","Mega Zygarde ex","cmukzor4p08u5az6olh1jbzuv","404"
"pokemon","mep","MEP Black Star Promos","070","Tyrunt","cmukzor4i08u1az6o43y89qa5","404"
"pokemon","mep","MEP Black Star Promos","074","Delphox","cmukzor5a08ujaz6ofn9dr6cb","404"
"pokemon","mep","MEP Black Star Promos","073","Mega Gengar ex","cmukzor5308udaz6ofzi58jeo","404"
"pokemon","mep","MEP Black Star Promos","076","Crobat","cmukzor5p08uraz6ogbewwce4","404"
"pokemon","mep","MEP Black Star Promos","075","Ampharos","cmukzor5h08unaz6obwgc9ei9","404"
"pokemon","mep","MEP Black Star Promos","078","Toxel","cmukzor6208uzaz6osc1wlrsv","404"
"pokemon","mep","MEP Black Star Promos","079","Charmeleon","cmukzor6908v3az6ocn1op4up","404"
"pokemon","mep","MEP Black Star Promos","080","Fennekin","cmukzor6h08v7az6o3b3zj8i6","404"
"pokemon","mep","MEP Black Star Promos","072","Mega Clefable ex","cmukzor4w08u9az6ondsrrbbe","404"
"pokemon","mep","MEP Black Star Promos","082","Miraidon","cmukzor6v08vhaz6ovhqltxr3","404"
"pokemon","mep","MEP Black Star Promos","083","Slowbro","cmukzor7208vlaz6otxsksock","404"
"pokemon","mep","MEP Black Star Promos","081","Mega Greninja ex","cmukzor6o08vbaz6ov3gqmp6w","404"
"pokemon","mep","MEP Black Star Promos","084","Dhelmise","cmukzor7908vpaz6o1fzrpo7n","404"
"pokemon","mep","MEP Black Star Promos","085","Bastiodon","cmukzor7g08vtaz6o8ct6nywv","404"
"pokemon","mep","MEP Black Star Promos","086","Slowpoke","cmukzor7n08vzaz6o7jlnztdx","404"
"pokemon","mep","MEP Black Star Promos","077","Goodra","cmukzor5v08uvaz6ozjfg1m6c","404"
"pokemon","mep","MEP Black Star Promos","087","Binacle","cmukzor7u08w3az6ond1s9qt1","404"
"pokemon","mep","MEP Black Star Promos","088","Zarude","cmukzor8108w7az6ohj5gz7pm","404"
"pokemon","mep","MEP Black Star Promos","090","Mega Darkrai ex","cmukzor8g08wfaz6ozqd4elt5","404"
"pokemon","mep","MEP Black Star Promos","091","Mega Dragonite ex","cmukzor8n08wjaz6odhrfclwk","404"
"pokemon","mep","MEP Black Star Promos","092","Paradise Resort","cmukzor8u08wpaz6oqejsyx1e","404"
"pokemon","mep","MEP Black Star Promos","093","Pikachu","cmukzor9108wvaz6o9uxgrsls","404"
"pokemon","mep","MEP Black Star Promos","094","Alolan Exeggutor","cmukzor9808x1az6ovzvoxezh","404"
"pokemon","mep","MEP Black Star Promos","095","Lucario","cmukzor9f08x7az6oq881gyy1","404"
"pokemon","mep","MEP Black Star Promos","096","Moltres","cmukzor9m08xdaz6o2b3ocq76","404"
"pokemon","mep","MEP Black Star Promos","097","Articuno","cmukzor9t08xjaz6ohduus3pe","404"
"pokemon","mep","MEP Black Star Promos","098","Zapdos","cmukzora008xpaz6o1h4inw08","404"
"pokemon","mep","MEP Black Star Promos","089","Mega Zeraora ex","cmukzor8908wbaz6op92whgz9","404"
"pokemon","mep","MEP Black Star Promos","100","Sylveon ex","cmukzoraf08xzaz6okxhcrdrc","404"
"pokemon","mep","MEP Black Star Promos","102","Victini","cmukzorat08y7az6omv1tbutp","404"
"pokemon","mep","MEP Black Star Promos","099","Greninja ex","cmukzora708xvaz6ocokc6rob","404"
"pokemon","mep","MEP Black Star Promos","101","Nidorina","cmukzoram08y3az6ou5iy51t7","404"
"pokemon","mep","MEP Black Star Promos","103","Zeraora","cmukzorax08ydaz6ozpjqqdlq","404"
"pokemon","mep","MEP Black Star Promos","104","Mewtwo","cmukzorb008yhaz6o5bclh2zp","404"
"pokemon","mep","MEP Black Star Promos","105","Mew","cmukzorb408ylaz6o84h3p41e","404"
"pokemon","mep","MEP Black Star Promos","106","Ditto","cmukzorb708ypaz6o97hcbhqr","404"
"pokemon","mep","MEP Black Star Promos","109","Pikachu ex","cmukzorbh08z1az6osizi5ebn","404"
"pokemon","mep","MEP Black Star Promos","107","Pikachu ex","cmukzorba08ytaz6ozkp5e0gs","404"
"pokemon","mep","MEP Black Star Promos","110","Umbreon ex","cmukzorbl08z5az6octgtp4v9","404"
"pokemon","mep","MEP Black Star Promos","108","Espeon ex","cmukzorbe08yxaz6ocnmgcih1","404"
"pokemon","mep","MEP Black Star Promos","120","Celebratory Fanfare","cmukzorbo08z9az6o0q9zjs0e","404"
"pokemon","mee","Mega Evolution Energy","001/16","Grass Energy","cmukzoqlc08hmaz6o55fczy6i","404"
"pokemon","mee","Mega Evolution Energy","010/16","Basic Fire Energy","cmukzoqno08jlaz6o86aqvk7c","404"
"pokemon","mee","Mega Evolution Energy","003/16","Water Energy","cmukzoqlx08i2az6odhyk6yy9","404"
"pokemon","mee","Mega Evolution Energy","011/16","Basic Water Energy","cmukzoqnw08jraz6omqpslhe3","404"
"pokemon","mee","Mega Evolution Energy","007/16","Darkness Energy","cmukzoqmy08izaz6oeass2sna","404"
"pokemon","mee","Mega Evolution Energy","002/16","Fire Energy","cmukzoqlo08huaz6orjm7uomn","404"
"pokemon","mee","Mega Evolution Energy","014/16","Basic Fighting Energy","cmukzoqoh08k9az6ojzqltadr","404"
"pokemon","mee","Mega Evolution Energy","009/16","Basic Grass Energy","cmukzoqnh08jfaz6o56khnfyu","404"
"pokemon","mee","Mega Evolution Energy","016/16","Basic Metal Energy","cmukzoqow08klaz6olxg1sj2s","404"
"pokemon","mee","Mega Evolution Energy","005/16","Psychic Energy","cmukzoqmh08ijaz6ojj8nle2h","404"
"pokemon","mee","Mega Evolution Energy","012/16","Basic Lightning Energy","cmukzoqo308jxaz6ocm4z8xne","404"
"pokemon","mee","Mega Evolution Energy","004/16","Lightning Energy","cmukzoqm808ibaz6o4xqd34rx","404"
"pokemon","mee","Mega Evolution Energy","006/16","Fighting Energy","cmukzoqmp08iraz6opf40761c","404"
"pokemon","mee","Mega Evolution Energy","013/16","Basic Psychic Energy","cmukzoqoa08k3az6og31lb0ra","404"
"pokemon","mee","Mega Evolution Energy","015/16","Basic Darkness Energy","cmukzoqop08kfaz6ojudm6anb","404"
"pokemon","mee","Mega Evolution Energy","008/16","Metal Energy","cmukzoqn708j7az6o9vm1ifo6","404"
"pokemon","2024sv","McDonald's Collection 2024","3/15","Miraidon","cmukzpn4t0iihaz6o96perri7","404"
"pokemon","2024sv","McDonald's Collection 2024","7/15","Quagsire","cmukzpn5s0ij5az6oiowd6z0z","404"
"pokemon","2024sv","McDonald's Collection 2024","6/15","Dragapult","cmukzpn5i0iizaz6ogs0eg2cg","404"
"pokemon","2024sv","McDonald's Collection 2024","11/15","Roaring Moon","cmukzpn6q0ijraz6o7n54099f","404"
"pokemon","2024sv","McDonald's Collection 2024","10/15","Hydreigon","cmukzpn6i0ijnaz6op2zqdx86","404"
"pokemon","2024sv","McDonald's Collection 2024","4/15","Jigglypuff","cmukzpn520iinaz6oszzbtijk","404"
"pokemon","2024sv","McDonald's Collection 2024","2/15","Pikachu","cmukzpn4l0iibaz6obinx5ess","404"
"pokemon","2024sv","McDonald's Collection 2024","14/15","Rayquaza","cmukzpn7j0ik9az6o5kmeap2f","404"
"pokemon","2024sv","McDonald's Collection 2024","5/15","Hatenna","cmukzpn5a0iitaz6ohg137kfw","404"
"pokemon","2024sv","McDonald's Collection 2024","9/15","Umbreon","cmukzpn680ijhaz6oh28o14td","404"
"pokemon","2024sv","McDonald's Collection 2024","1/15","Charizard","cmukzpn4b0ii5az6o99qoi0ag","404"
"pokemon","2024sv","McDonald's Collection 2024","13/15","Eevee","cmukzpn7a0ik3az6oalp5qora","404"
"pokemon","2024sv","McDonald's Collection 2024","12/15","Dragonite","cmukzpn700ijxaz6ohgyr02it","404"
"pokemon","2024sv","McDonald's Collection 2024","15/15","Drampa","cmukzpn7s0ikfaz6oh8fxxdjz","404"
"pokemon","2024sv","McDonald's Collection 2024","8/15","Koraidon","cmukzpn600ijbaz6owpp4uafh","404"
"pokemon","P-A","Promos-A","087","Alcremie","cmukzppg40j7xaz6orzkf0cn8","404"
"pokemon","P-A","Promos-A","100","Weavile","cmukzpphl0j9naz6ozcid8515","404"
"pokemon","mfb","My First Battle","2/48","Ivysaur","cmukzqe7n0qcfaz6ohtla4c46","404"
"pokemon","mfb","My First Battle","4/48","Gloom","cmukzqe830qcpaz6o1n8rhwo0","404"
"pokemon","mfb","My First Battle","8/48","Grass Energy","cmukzqe900qd9az6o36hz2so8","404"
"pokemon","mfb","My First Battle","10/48","Charmeleon","cmukzqe9g0qdhaz6ozh6d5gee","404"
"pokemon","mfb","My First Battle","14/48","Arcanine","cmukzqeaf0qdzaz6o5cmwqrem","404"
"pokemon","mfb","My First Battle","3/48","Oddish","cmukzqe7v0qcjaz6otb35d35b","404"
"pokemon","mfb","My First Battle","9/48","Charmander","cmukzqe980qddaz6otd2y84zu","404"
"pokemon","mfb","My First Battle","13/48","Growlithe","cmukzqea70qdtaz6ot522ytb1","404"
"pokemon","mfb","My First Battle","16/48","Fire Energy","cmukzqeb60qe7az6o7ikne5b0","404"
"pokemon","mfb","My First Battle","11/48","Vulpix","cmukzqe9p0qdlaz6ocofa2zmp","404"
"pokemon","mfb","My First Battle","1/48","Bulbasaur","cmukzqe7e0qcbaz6ogolgki7x","404"
"pokemon","mfb","My First Battle","15/48","Magmar","cmukzqeas0qe3az6op4go6lor","404"
"pokemon","mfb","My First Battle","7/48","Scyther","cmukzqe8s0qd5az6ouw8ap9rz","404"
"pokemon","mfb","My First Battle","6/48","Exeggutor","cmukzqe8k0qczaz6onhrbxmsr","404"
"pokemon","mfb","My First Battle","12/48","Ninetales","cmukzqe9y0qdpaz6oxuacr5v1","404"
"pokemon","mfb","My First Battle","5/48","Exeggcute","cmukzqe8b0qctaz6obbada6ez","404"
"pokemon","mfb","My First Battle","19/48","Magnemite","cmukzqebw0qelaz6o22hzlkfw","404"
"pokemon","mfb","My First Battle","18/48","Raichu","cmukzqebo0qehaz6ovyh085hk","404"
"pokemon","mfb","My First Battle","22/48","Electrode","cmukzqecl0qf1az6ocsxvgb4m","404"
"pokemon","mfb","My First Battle","24/48","Lightning Energy","cmukzqed40qf9az6odv9ayeu9","404"
"pokemon","mfb","My First Battle","23/48","Electabuzz","cmukzqecv0qf5az6otgrfcwhl","404"
"pokemon","mfb","My First Battle","21/48","Voltorb","cmukzqecd0qevaz6ovoj0by2x","404"
"pokemon","mfb","My First Battle","25/48","Squirtle","cmukzqedc0qfdaz6o619y562v","404"
"pokemon","mfb","My First Battle","27/48","Poliwag","cmukzqeds0qflaz6ohao6u3dm","404"
"pokemon","mfb","My First Battle","28/48","Poliwhirl","cmukzqee00qfpaz6o7tki6a7y","404"
"pokemon","mfb","My First Battle","29/48","Magikarp","cmukzqee80qftaz6ooarqvla7","404"
"pokemon","mfb","My First Battle","30/48","Gyarados","cmukzqeeg0qfzaz6opqp6n6co","404"
"pokemon","mfb","My First Battle","31/48","Lapras","cmukzqeeo0qg3az6oaprnhplj","404"
"pokemon","mfb","My First Battle","17/48","Pikachu","cmukzqebf0qebaz6olxwaijgj","404"
"pokemon","mfb","My First Battle","26/48","Wartortle","cmukzqedk0qfhaz6on7wlebd8","404"
"pokemon","mfb","My First Battle","20/48","Magneton","cmukzqec50qeraz6o7sklrfjf","404"
"pokemon","mfb","My First Battle","32/48","Water Energy","cmukzqeew0qg7az6o1s3en9vh","404"
"pokemon","mfb","My First Battle","34/48","Switch","cmukzqefb0qgfaz6o1g25ql3l","404"
"pokemon","mfb","My First Battle","33/48","Potion","cmukzqef30qgbaz6os8mjko8k","404"
"pokemon","2023sv","McDonald's Collection 2023","5/15","Cetitan","cmukzqonn0susaz6omex1jj2q","404"
"pokemon","2023sv","McDonald's Collection 2023","13/15","Tandemaus","cmukzqopr0svuaz6omtv4ke8q","404"
"pokemon","2023sv","McDonald's Collection 2023","14/15","Cyclizar","cmukzqopz0sw0az6oo0f62k8a","404"
"pokemon","2023sv","McDonald's Collection 2023","11/15","Klawf","cmukzqop90svkaz6o47kzficm","404"
"pokemon","2023sv","McDonald's Collection 2023","10/15","Sandaconda","cmukzqooy0svgaz6o2nh1874e","404"
"pokemon","2023sv","McDonald's Collection 2023","4/15","Cetoddle","cmukzqonf0sumaz6olyojklva","404"
"pokemon","2023sv","McDonald's Collection 2023","8/15","Kilowattrel","cmukzqoog0sv6az6o5fzez4v9","404"
"pokemon","2023sv","McDonald's Collection 2023","7/15","Pawmi","cmukzqoo40sv0az6o90evw9sy","404"
"pokemon","2023sv","McDonald's Collection 2023","1/15","Sprigatito","cmukzqomn0suaaz6olmh891iw","404"
"pokemon","2023sv","McDonald's Collection 2023","3/15","Quaxly","cmukzqon50suiaz6osp1xf2tu","404"
"pokemon","2023sv","McDonald's Collection 2023","6/15","Pikachu","cmukzqonw0suwaz6ouiu6huk0","404"
"pokemon","2023sv","McDonald's Collection 2023","15/15","Kirlia","cmukzqoq80sw4az6o23php77f","404"
"pokemon","2023sv","McDonald's Collection 2023","12/15","Blissey","cmukzqoph0svqaz6o5wohkjs9","404"
"pokemon","2023sv","McDonald's Collection 2023","2/15","Fuecoco","cmukzqomx0sueaz6ovk00tkyk","404"
"pokemon","2023sv","McDonald's Collection 2023","9/15","Flittle","cmukzqoop0svaaz6o12jgeh2i","404"
"pokemon","sve","Scarlet & Violet Energy","005/24","Psychic Energy","cmukzqyoc0vgjaz6or98cteal","404"
"pokemon","sve","Scarlet & Violet Energy","001/24","Grass Energy","cmukzqymy0vfvaz6ojt76psww","404"
"pokemon","sve","Scarlet & Violet Energy","008/24","Metal Energy","cmukzqypd0vh1az6ojzf5wi55","404"
"pokemon","sve","Scarlet & Violet Energy","003/24","Water Energy","cmukzqynn0vg7az6ol0rzmtkj","404"
"pokemon","sve","Scarlet & Violet Energy","013/24","Psychic Energy","cmukzqyr00vhvaz6ozkblx076","404"
"pokemon","sve","Scarlet & Violet Energy","015/24","Darkness Energy","cmukzqyrp0vi7az6o6o9nvpkq","404"
"pokemon","sve","Scarlet & Violet Energy","002/24","Fire Energy","cmukzqynb0vg1az6o7n9eim96","404"
"pokemon","sve","Scarlet & Violet Energy","010/24","Fire Energy","cmukzqypz0vhdaz6o7cibfpg1","404"
"pokemon","sve","Scarlet & Violet Energy","007/24","Darkness Energy","cmukzqyp10vgvaz6odhy8tmvc","404"
"pokemon","sve","Scarlet & Violet Energy","006/24","Fighting Energy","cmukzqyoo0vgpaz6oo64maxuy","404"
"pokemon","sve","Scarlet & Violet Energy","016/24","Metal Energy","cmukzqys00vidaz6o60n8kmly","404"
"pokemon","sve","Scarlet & Violet Energy","014/24","Fighting Energy","cmukzqyrc0vi1az6o0viihh80","404"
"pokemon","sve","Scarlet & Violet Energy","004/24","Lightning Energy","cmukzqyo00vgdaz6oouwlzns8","404"
"pokemon","sve","Scarlet & Violet Energy","012/24","Lightning Energy","cmukzqyqm0vhpaz6oq0f2jv1t","404"
"pokemon","sve","Scarlet & Violet Energy","011/24","Water Energy","cmukzqyqb0vhjaz6outb7o7ca","404"
"pokemon","sve","Scarlet & Violet Energy","009/24","Grass Energy","cmukzqypp0vh7az6o9kp1lge3","404"
"pokemon","sve","Scarlet & Violet Energy","022/24","Fighting Energy","cmukzqyu00vjdaz6oye17y89u","404"
"pokemon","sve","Scarlet & Violet Energy","020/24","Lightning Energy","cmukzqyta0vj1az6okqbo582v","404"
"pokemon","sve","Scarlet & Violet Energy","018/24","Fire Energy","cmukzqysn0vipaz6o1lhahkbq","404"
"pokemon","sve","Scarlet & Violet Energy","017/24","Grass Energy","cmukzqysc0vijaz6ol7eck2f2","404"
"pokemon","sve","Scarlet & Violet Energy","019/24","Water Energy","cmukzqysz0vivaz6opigpheiw","404"
"pokemon","sve","Scarlet & Violet Energy","021/24","Psychic Energy","cmukzqytp0vj7az6oa1xladrv","404"
"pokemon","sve","Scarlet & Violet Energy","023/24","Darkness Energy","cmukzqyud0vjjaz6orz6w3wzr","404"
"pokemon","sve","Scarlet & Violet Energy","024/24","Metal Energy","cmukzqyuo0vjpaz6oveeriseb","404"
"pokemon","svp","SVP Black Star Promos","085/225","Pikachu with Grey Felt Hat","cmukzr1m10vueaz6o8tizxmta","404"
"pokemon","svp","SVP Black Star Promos","102/225","Oddish","cmukzr1qz0vwoaz6od2p2jzlu","404"
"pokemon","svp","SVP Black Star Promos","176/225","Umbreon ex","cmukzr2b10w5qaz6oe77tiuql","404"
"pokemon","svp","SVP Black Star Promos","175/225","Espeon ex","cmukzr2aq0w5maz6ozfwuqv36","404"
"pokemon","svp","SVP Black Star Promos","190/225","Pikachu","cmukzr2fh0w7oaz6ol0gg9fef","404"
"pokemon","svp","SVP Black Star Promos","211/225","Gothitelle","cmukzr2ma0waaaz6o4xn9cr7m","404"
"pokemon","svp","SVP Black Star Promos","212/225","Reuniclus","cmukzr2ml0waeaz6ol7k0bowm","404"
"pokemon","svp","SVP Black Star Promos","208/225","Victini","cmukzr2lf0w9yaz6o37u960l7","404"
"pokemon","svp","SVP Black Star Promos","219/225","Black Belt's Training","cmukzr2oj0wbcaz6onfzbak50","404"
"pokemon","svp","SVP Black Star Promos","221/225","Professor's Research","cmukzr2p20wbkaz6obc3oqay2","404"
"pokemon","svp","SVP Black Star Promos","220/225","Black Belt's Training","cmukzr2os0wbgaz6oyqntssyp","404"
"pokemon","svp","SVP Black Star Promos","210/225","Tornadus","cmukzr2lz0wa6az6ofsg27u7r","404"
"pokemon","svp","SVP Black Star Promos","222/225","Professor's Research","cmukzr2pd0wboaz6o1oind5r5","404"
"pokemon","svp","SVP Black Star Promos","223/225","Professor's Research","cmukzr2pm0wbsaz6oq43jkfli","404"
"pokemon","svp","SVP Black Star Promos","209/225","Thundurus","cmukzr2lp0wa2az6o9tvvsx4e","404"
"pokemon","cel25cc","Celebrations Classic Collection","CC004/25","Imposter Professor Oak","cmukzs0f813z6az6obqhvfd35","404"
"pokemon","cel25cc","Celebrations Classic Collection","CC003/25","Venusaur","cmukzs0ez13z0az6owk2lnygn","404"
"pokemon","cel25cc","Celebrations Classic Collection","CC005/25","Dark Gyarados","cmukzs0fh13zcaz6o2jfi0k5q","404"
"pokemon","cel25cc","Celebrations Classic Collection","CC009/25","Cleffa","cmukzs0gl1400az6o3jyggd6c","404"
"pokemon","cel25cc","Celebrations Classic Collection","CC007/25","Rocket's Zapdos","cmukzs0g113zoaz6oj3o3rpim","404"
"pokemon","cel25cc","Celebrations Classic Collection","CC001/25","Blastoise","cmukzs0eg13yqaz6oklp06ja9","404"
"pokemon","cel25cc","Celebrations Classic Collection","CC006/25","Here Comes Team Rocket!","cmukzs0fs13ziaz6ompvegsw8","404"
"pokemon","cel25cc","Celebrations Classic Collection","CC014/25","Gardevoir ex","cmukzs0hy140uaz6o7x3wadup","404"
"pokemon","cel25cc","Celebrations Classic Collection","CC012/25","Rocket's Admin.","cmukzs0hd140iaz6o3bjoa27p","404"
"pokemon","cel25cc","Celebrations Classic Collection","CC010/25","Shining Magikarp","cmukzs0gt1406az6ocsdrr0cx","404"
"pokemon","cel25cc","Celebrations Classic Collection","CC002/25","Charizard","cmukzs0ep13yuaz6ozudtys8w","404"
"pokemon","cel25cc","Celebrations Classic Collection","CC011/25","Team Magma's Groudon","cmukzs0h2140caz6ojtiut4ry","404"
"pokemon","cel25cc","Celebrations Classic Collection","CC013/25","Mew ex","cmukzs0hm140oaz6owjpcxk0y","404"
"pokemon","cel25cc","Celebrations Classic Collection","CC016/25","Claydol","cmukzs0ig1416az6osfrnot7m","404"
"pokemon","cel25cc","Celebrations Classic Collection","CC008/25","_____'s Pikachu","cmukzs0gb13zuaz6owchq88bw","404"
"pokemon","cel25cc","Celebrations Classic Collection","CC015/25","Umbreon ☆","cmukzs0i71410az6osl6ugxla","404"
"pokemon","cel25cc","Celebrations Classic Collection","CC020/25","Reshiram","cmukzs0jo141uaz6olxy7fc3x","404"
"pokemon","cel25cc","Celebrations Classic Collection","CC017/25","Luxray GL LV.X","cmukzs0iu141caz6ou9lre7fr","404"
"pokemon","cel25cc","Celebrations Classic Collection","CC018/25","Garchomp C LV.X","cmukzs0j4141iaz6o8yp2aa46","404"
"pokemon","cel25cc","Celebrations Classic Collection","CC019/25","Donphan","cmukzs0jd141oaz6ortz9ml0k","404"
"pokemon","cel25cc","Celebrations Classic Collection","CC021/25","Zekrom","cmukzs0k01420az6obnkosy4n","404"
"pokemon","cel25cc","Celebrations Classic Collection","CC022/25","Mewtwo EX","cmukzs0ke1426az6oqvquj65v","404"
"pokemon","cel25cc","Celebrations Classic Collection","CC023/25","Xerneas EX","cmukzs0kn142caz6org8ktwxk","404"
"pokemon","cel25cc","Celebrations Classic Collection","CC024/25","M Rayquaza EX","cmukzs0kz142iaz6o166lxf91","404"
"pokemon","cel25cc","Celebrations Classic Collection","CC025/25","Tapu Lele GX","cmukzs0l8142oaz6ok27q7e4w","404"
"pokemon","swshp","SWSH Black Star Promos","SWSH300/307","Unown V","cmukztci31flxaz6od5mt2l6o","404"
"pokemon","swshp","SWSH Black Star Promos","SWSH299/307","Jirachi V","cmukztchp1fltaz6o86vt2hp1","404"
"pokemon","swshp","SWSH Black Star Promos","SWSH301/307","Lugia V","cmukztcig1fm1az6okybl1ljy","404"
"pokemon","2018sm","McDonald's Collection 2018","2/12","Psyduck","cmukztypc1lixaz6omoeovejt","404"
"pokemon","2018sm","McDonald's Collection 2018","11/12","Eevee","cmukztyso1lk9az6ozmob285a","404"
"pokemon","2018sm","McDonald's Collection 2018","4/12","Pikachu","cmukztyq21lj9az6on6tw2d1m","404"
"pokemon","2018sm","McDonald's Collection 2018","7/12","Cubone","cmukztyr51ljpaz6o3jmbimjb","404"
"pokemon","2018sm","McDonald's Collection 2018","3/12","Horsea","cmukztypo1lj3az6om3fd5phg","404"
"pokemon","2018sm","McDonald's Collection 2018","5/12","Slowpoke","cmukztyqf1ljfaz6odt2bkvqh","404"
"pokemon","2018sm","McDonald's Collection 2018","1/12","Growlithe","cmukztyox1liraz6o4q0yh5d5","404"
"pokemon","2018sm","McDonald's Collection 2018","9/12","Dratini","cmukztyrx1ljzaz6ozzthnn87","404"
"pokemon","2018sm","McDonald's Collection 2018","8/12","Magnemite","cmukztyrj1ljtaz6oic6fxcag","404"
"pokemon","2018sm","McDonald's Collection 2018","12/12","Porygon","cmukztyt11lkfaz6ocxivo5xc","404"
"pokemon","2018sm","McDonald's Collection 2018","10/12","Chansey","cmukztysc1lk5az6ofhkhd4n3","404"
"pokemon","2018sm","McDonald's Collection 2018","6/12","Machop","cmukztyqs1ljjaz6oyu7ba7xa","404"
"pokemon","2017sm","McDonald's Collection 2017","5/12","Pikachu","cmukzucl71ov2az6o6r6yynyg","404"
"pokemon","2017sm","McDonald's Collection 2017","3/12","Litten","cmukzucki1ousaz6odcwquoow","404"
"pokemon","2017sm","McDonald's Collection 2017","11/12","Pikipek","cmukzucnf1ow0az6owhavzqh5","404"
"pokemon","2017sm","McDonald's Collection 2017","7/12","Crabrawler","cmukzuclz1ovcaz6of35fhdpr","404"
"pokemon","2017sm","McDonald's Collection 2017","6/12","Cosmog","cmukzuclk1ov8az6ol5wxszyq","404"
"pokemon","2017sm","McDonald's Collection 2017","2/12","Grubbin","cmukzuck61ouoaz6oe0utrxq5","404"
"pokemon","2017sm","McDonald's Collection 2017","10/12","Cutiefly","cmukzucn21ovuaz6owa4txgue","404"
"pokemon","2017sm","McDonald's Collection 2017","12/12","Yungoos","cmukzucns1ow4az6omfbyvmq5","404"
"pokemon","2017sm","McDonald's Collection 2017","8/12","Alolan Meowth","cmukzucmb1oviaz6owm0j8haj","404"
"pokemon","2017sm","McDonald's Collection 2017","9/12","Alolan Diglett","cmukzucmo1ovoaz6oor3sjpci","404"
"pokemon","2017sm","McDonald's Collection 2017","4/12","Popplio","cmukzuckv1ouwaz6oxlf06dvb","404"
"pokemon","2017sm","McDonald's Collection 2017","1/12","Rowlet","cmukzucjs1oukaz6o2vfoyq6u","404"
"pokemon","tk-sm-r","SM trainer Kit (Alolan Raichu)","1/30","Lightning Energy","cmukzugnc1prsaz6o2fk0fmi4","404"
"pokemon","tk-sm-r","SM trainer Kit (Alolan Raichu)","9/30","Lightning Energy","cmukzugqo1psqaz6o8v3rcwza","404"
"pokemon","tk-sm-r","SM trainer Kit (Alolan Raichu)","4/30","Stufful","cmukzugoo1ps4az6o5xwss1x3","404"
"pokemon","tk-sm-r","SM trainer Kit (Alolan Raichu)","10/30","Lightning Energy","cmukzugr31psuaz6oy2kbwuyg","404"
"pokemon","tk-sm-r","SM trainer Kit (Alolan Raichu)","3/30","Lightning Energy","cmukzugo91ps0az6oj3qsc4rr","404"
"pokemon","tk-sm-r","SM trainer Kit (Alolan Raichu)","12/30","Lightning Energy","cmukzugrw1pt4az6oxvzfknqt","404"
"pokemon","tk-sm-r","SM trainer Kit (Alolan Raichu)","2/30","Lightning Energy","cmukzugnt1prwaz6oncpj6qiv","404"
"pokemon","tk-sm-r","SM trainer Kit (Alolan Raichu)","8/30","Lightning Energy","cmukzugq91psmaz6og1dww3ip","404"
"pokemon","tk-sm-r","SM trainer Kit (Alolan Raichu)","14/30","Pikachu","cmukzugsp1ptgaz6osb2y08qp","404"
"pokemon","tk-sm-r","SM trainer Kit (Alolan Raichu)","15/30","Potion","cmukzugt31ptkaz6ooin4aqff","404"
"pokemon","tk-sm-r","SM trainer Kit (Alolan Raichu)","6/30","Golbat","cmukzugpe1pseaz6o5phktaea","404"
"pokemon","tk-sm-r","SM trainer Kit (Alolan Raichu)","7/30","Lightning Energy","cmukzugpv1psiaz6oe805nz9h","404"
"pokemon","tk-sm-r","SM trainer Kit (Alolan Raichu)","5/30","Lightning Energy","cmukzugp11ps8az6oigaad15r","404"
"pokemon","tk-sm-r","SM trainer Kit (Alolan Raichu)","11/30","Zubat","cmukzugrh1pt0az6oo4du1117","404"
"pokemon","tk-sm-r","SM trainer Kit (Alolan Raichu)","16/30","Grubbin","cmukzugtj1ptoaz6oe1mpuxcl","404"
"pokemon","tk-sm-r","SM trainer Kit (Alolan Raichu)","13/30","Spearow","cmukzugs91ptaaz6o9i5ydest","404"
"pokemon","tk-sm-r","SM trainer Kit (Alolan Raichu)","18/30","Bewear","cmukzugud1pu0az6ol00fqg4z","404"
"pokemon","tk-sm-r","SM trainer Kit (Alolan Raichu)","19/30","Hau","cmukzugur1pu4az6odru4mvqe","404"
"pokemon","tk-sm-r","SM trainer Kit (Alolan Raichu)","20/30","Psychic Energy","cmukzugv41pu8az6oxazk54vj","404"
"pokemon","tk-sm-r","SM trainer Kit (Alolan Raichu)","22/30","Drowzee","cmukzugvv1puiaz6ov0aqaagi","404"
"pokemon","tk-sm-r","SM trainer Kit (Alolan Raichu)","24/30","Psychic Energy","cmukzugwn1puqaz6oms31d9p8","404"
"pokemon","tk-sm-r","SM trainer Kit (Alolan Raichu)","23/30","Hau","cmukzugw91pumaz6o3pdd0xdl","404"
"pokemon","tk-sm-r","SM trainer Kit (Alolan Raichu)","27/30","Psychic Energy","cmukzugxt1pv4az6ozh5pim93","404"
"pokemon","tk-sm-r","SM trainer Kit (Alolan Raichu)","29/30","Pikachu","cmukzugyk1pvcaz6os3z88mc7","404"
"pokemon","tk-sm-r","SM trainer Kit (Alolan Raichu)","28/30","Psychic Energy","cmukzugy51pv8az6ovgp69x2d","404"
"pokemon","tk-sm-r","SM trainer Kit (Alolan Raichu)","30/30","Alolan Raichu","cmukzugyz1pvgaz6ow7hk7180","404"
"pokemon","tk-sm-r","SM trainer Kit (Alolan Raichu)","17/30","Alolan Raichu","cmukzugu11ptuaz6ousgq7199","404"
"pokemon","tk-sm-r","SM trainer Kit (Alolan Raichu)","26/30","Togedemaru","cmukzugxd1pv0az6ox61zk235","404"
"pokemon","tk-sm-r","SM trainer Kit (Alolan Raichu)","21/30","Great Ball","cmukzugvi1pucaz6oo6xkxelh","404"
"pokemon","tk-sm-r","SM trainer Kit (Alolan Raichu)","25/30","Great Ball","cmukzugwz1puuaz6odyfrbquj","404"
"pokemon","tk-sm-l","SM trainer Kit (Lycanroc)","19/30","Hau","cmukzujpp1qlyaz6oloe2utxd","404"
"pokemon","tk-sm-l","SM trainer Kit (Lycanroc)","14/30","Rockruff","cmukzujo71qlgaz6ofz9aasmv","404"
"pokemon","tk-sm-l","SM trainer Kit (Lycanroc)","1/30","Caterpie","cmukzujlv1qkoaz6ou7epmrq0","404"
"pokemon","tk-sm-l","SM trainer Kit (Lycanroc)","27/30","Big Malasada","cmukzujrj1qmmaz6oriwj51c1","404"
"pokemon","tk-sm-l","SM trainer Kit (Lycanroc)","22/30","Toucannon","cmukzujqg1qm8az6oreowc05t","404"
"pokemon","tk-sm-l","SM trainer Kit (Lycanroc)","16/30","Lycanroc","cmukzujoy1qloaz6oxo8x7pw6","404"
"pokemon","tk-sm-l","SM trainer Kit (Lycanroc)","13/30","Fletchinder","cmukzujnu1qlcaz6okqfit3n1","404"
"pokemon","tk-sm-l","SM trainer Kit (Lycanroc)","23/30","Hau","cmukzujqt1qmcaz6o8cjk8z2s","404"
"pokemon","tk-sm-l","SM trainer Kit (Lycanroc)","12/30","Yungoos","cmukzujnf1ql8az6oy4vqgrfu","404"
"pokemon","tk-sm-l","SM trainer Kit (Lycanroc)","11/30","Fletchling","cmukzujn11ql4az6om46pld91","404"
"pokemon","tk-sm-l","SM trainer Kit (Lycanroc)","5/30","Fighting Energy","cmukzujmo1qkyaz6oe56l9l22","404"
"pokemon","tk-sm-l","SM trainer Kit (Lycanroc)","21/30","Great Ball","cmukzujq21qm2az6oplo4e5ap","404"
"pokemon","tk-sm-l","SM trainer Kit (Lycanroc)","18/30","Makuhita","cmukzujpc1qluaz6oj7dv3ltg","404"
"pokemon","tk-sm-l","SM trainer Kit (Lycanroc)","4/30","Trumbeak","cmukzujmb1qkuaz6oopol2avr","404"
"pokemon","tk-sm-l","SM trainer Kit (Lycanroc)","15/30","Pikipek","cmukzujol1qlkaz6ou2r85fbx","404"
"pokemon","tk-sm-l","SM trainer Kit (Lycanroc)","25/30","Great Ball","cmukzujr51qmgaz6onk62ii5r","404"
"pokemon","tk-sm-l","SM trainer Kit (Lycanroc)","29/30","Rockruff","cmukzujrv1qmqaz6o25vhv9d8","404"
"pokemon","tk-sm-l","SM trainer Kit (Lycanroc)","30/30","Lycanroc","cmukzujs91qmuaz6obkb35k77","404"
"pokemon","tk-xy-p","XY trainer Kit (Pikachu Libre)","1/30","Glameow","cmukzuwpa1ttnaz6on0zn48c8","404"
"pokemon","tk-xy-p","XY trainer Kit (Pikachu Libre)","2/30","Lightning Energy","cmukzuwpm1ttraz6o0qt7lrzy","404"
"pokemon","tk-xy-p","XY trainer Kit (Pikachu Libre)","5/30","Lightning Energy","cmukzuwqc1tu5az6o839czi3v","404"
"pokemon","tk-xy-p","XY trainer Kit (Pikachu Libre)","4/30","Electivire","cmukzuwq31tu1az6otiyh0tm3","404"
"pokemon","tk-xy-p","XY trainer Kit (Pikachu Libre)","10/30","Lightning Energy","cmukzuwrl1turaz6or2wupiyi","404"
"pokemon","tk-xy-p","XY trainer Kit (Pikachu Libre)","14/30","Pikachu Libre","cmukzuwsp1tvbaz6o5ghq076k","404"
"pokemon","tk-xy-p","XY trainer Kit (Pikachu Libre)","11/30","Electrike","cmukzuwrv1tuvaz6ol0zajti3","404"
"pokemon","tk-xy-p","XY trainer Kit (Pikachu Libre)","15/30","Electabuzz","cmukzuwsz1tvfaz6ollxqe52v","404"
"pokemon","tk-xy-p","XY trainer Kit (Pikachu Libre)","9/30","Lightning Energy","cmukzuwrb1tunaz6o74ecz3x4","404"
"pokemon","tk-xy-p","XY trainer Kit (Pikachu Libre)","3/30","Lightning Energy","cmukzuwpv1ttvaz6o3w49hqzs","404"
"pokemon","tk-xy-p","XY trainer Kit (Pikachu Libre)","12/30","Blitzle","cmukzuws41tuzaz6ok3ju7rbm","404"
"pokemon","tk-xy-p","XY trainer Kit (Pikachu Libre)","7/30","Taillow","cmukzuwqu1tufaz6o1o8eqne4","404"
"pokemon","tk-xy-p","XY trainer Kit (Pikachu Libre)","16/30","Fletchling","cmukzuwt91tvlaz6oga79ae28","404"
"pokemon","tk-xy-p","XY trainer Kit (Pikachu Libre)","8/30","Lightning Energy","cmukzuwr31tujaz6o3rn5mzsn","404"
"pokemon","tk-xy-p","XY trainer Kit (Pikachu Libre)","13/30","Manectric","cmukzuwse1tv5az6ot5kz1mq7","404"
"pokemon","tk-xy-p","XY trainer Kit (Pikachu Libre)","6/30","Lightning Energy","cmukzuwqk1tu9az6o049blftk","404"
"pokemon","tk-xy-p","XY trainer Kit (Pikachu Libre)","19/30","Purugly","cmukzuwu31tvzaz6opew64ivu","404"
"pokemon","tk-xy-p","XY trainer Kit (Pikachu Libre)","18/30","Lightning Energy","cmukzuwts1tvtaz6om4gks50s","404"
"pokemon","tk-xy-p","XY trainer Kit (Pikachu Libre)","24/30","Purugly","cmukzuwvf1twlaz6ov2l6o3g5","404"
"pokemon","tk-xy-p","XY trainer Kit (Pikachu Libre)","27/30","Glameow","cmukzuww61twxaz6ode2kzfq2","404"
"pokemon","tk-xy-p","XY trainer Kit (Pikachu Libre)","25/30","Electivire","cmukzuwvo1twpaz6opw0lzgjd","404"
"pokemon","tk-xy-p","XY trainer Kit (Pikachu Libre)","21/30","Potion","cmukzuwum1tw9az6omygfgzu7","404"
"pokemon","tk-xy-p","XY trainer Kit (Pikachu Libre)","29/30","Lightning Energy","cmukzuwwq1tx5az6oty2eq17u","404"
"pokemon","tk-xy-p","XY trainer Kit (Pikachu Libre)","28/30","Electrike","cmukzuwwg1tx1az6oz94voty4","404"
"pokemon","tk-xy-p","XY trainer Kit (Pikachu Libre)","23/30","Electabuzz","cmukzuwv61twhaz6oglso4h54","404"
"pokemon","tk-xy-p","XY trainer Kit (Pikachu Libre)","20/30","Tierno","cmukzuwuc1tw5az6oasrvt3ls","404"
"pokemon","tk-xy-p","XY trainer Kit (Pikachu Libre)","22/30","Manectric","cmukzuwux1twdaz6ovwud4gyl","404"
"pokemon","tk-xy-p","XY trainer Kit (Pikachu Libre)","30/30","Pikachu Libre","cmukzuwx01tx9az6o35pqlry0","404"
"pokemon","tk-xy-p","XY trainer Kit (Pikachu Libre)","26/30","Blitzle","cmukzuwvx1twtaz6ohue9gfph","404"
"pokemon","tk-xy-p","XY trainer Kit (Pikachu Libre)","17/30","Lightning Energy","cmukzuwtj1tvpaz6ol33wr2un","404"
"pokemon","tk-xy-su","XY trainer Kit (Suicune)","1/30","Water Energy","cmukzuxgi1txeaz6ozj8qrsc4","404"
"pokemon","tk-xy-su","XY trainer Kit (Suicune)","6/30","Frogadier","cmukzuxhy1txyaz6odge843j7","404"
"pokemon","tk-xy-su","XY trainer Kit (Suicune)","2/30","Water Energy","cmukzuxgs1txiaz6okbx2rxfk","404"
"pokemon","tk-xy-su","XY trainer Kit (Suicune)","3/30","Water Energy","cmukzuxh31txmaz6osjely7d4","404"
"pokemon","tk-xy-su","XY trainer Kit (Suicune)","9/30","Water Energy","cmukzuxis1tyaaz6otqynoqp9","404"
"pokemon","tk-xy-su","XY trainer Kit (Suicune)","15/30","Potion","cmukzuxkg1tz2az6onzm8c9rz","404"
"pokemon","tk-xy-su","XY trainer Kit (Suicune)","16/30","Piplup","cmukzuxko1tz6az6op2v3mrty","404"
"pokemon","tk-xy-su","XY trainer Kit (Suicune)","8/30","Water Energy","cmukzuxii1ty6az6odw2a725j","404"
"pokemon","tk-xy-su","XY trainer Kit (Suicune)","11/30","Froakie","cmukzuxjc1tyiaz6oxxrbqcir","404"
"pokemon","tk-xy-su","XY trainer Kit (Suicune)","5/30","Water Energy","cmukzuxho1txuaz6o7h9h46xz","404"
"pokemon","tk-xy-su","XY trainer Kit (Suicune)","7/30","Ducklett","cmukzuxi81ty2az6o5z7ejkgg","404"
"pokemon","tk-xy-su","XY trainer Kit (Suicune)","13/30","Goldeen","cmukzuxjv1tysaz6o9iyzij0w","404"
"pokemon","tk-xy-su","XY trainer Kit (Suicune)","4/30","Eevee","cmukzuxhd1txqaz6ozf91f1ks","404"
"pokemon","tk-xy-su","XY trainer Kit (Suicune)","10/30","Water Energy","cmukzuxj11tyeaz6o8mpl22xs","404"
"pokemon","tk-xy-su","XY trainer Kit (Suicune)","12/30","Seaking","cmukzuxjl1tyoaz6o85aovfxe","404"
"pokemon","tk-xy-su","XY trainer Kit (Suicune)","14/30","Suicune","cmukzuxk51tyyaz6ouliyb3kq","404"
"pokemon","tk-xy-su","XY trainer Kit (Suicune)","21/30","Frogadier","cmukzuxlz1tzqaz6obqr1z5hi","404"
"pokemon","tk-xy-su","XY trainer Kit (Suicune)","18/30","Swanna","cmukzuxl61tzeaz6owtec186y","404"
"pokemon","tk-xy-su","XY trainer Kit (Suicune)","17/30","Water Energy","cmukzuxkx1tzaaz6ognj48z7n","404"
"pokemon","tk-xy-su","XY trainer Kit (Suicune)","23/30","Froakie","cmukzuxmh1tzyaz6ofd1hnmdw","404"
"pokemon","tk-xy-su","XY trainer Kit (Suicune)","24/30","Ducklett","cmukzuxmr1u02az6oodvxfdc0","404"
"pokemon","tk-xy-su","XY trainer Kit (Suicune)","26/30","Goldeen","cmukzuxnb1u0aaz6o2kcvay9c","404"
"pokemon","tk-xy-su","XY trainer Kit (Suicune)","25/30","Seaking","cmukzuxn11u06az6oq0towvas","404"
"pokemon","tk-xy-su","XY trainer Kit (Suicune)","27/30","Swanna","cmukzuxnm1u0eaz6oz0392jpa","404"
"pokemon","tk-xy-su","XY trainer Kit (Suicune)","20/30","Tierno","cmukzuxlp1tzmaz6obe69px15","404"
"pokemon","tk-xy-su","XY trainer Kit (Suicune)","30/30","Suicune","cmukzuxog1u0qaz6oaqd85tj8","404"
"pokemon","tk-xy-su","XY trainer Kit (Suicune)","22/30","Water Energy","cmukzuxm81tzuaz6of0yvv9fb","404"
"pokemon","tk-xy-su","XY trainer Kit (Suicune)","19/30","Water Energy","cmukzuxlg1tziaz6o4bedbu5f","404"
"pokemon","tk-xy-su","XY trainer Kit (Suicune)","28/30","Water Energy","cmukzuxnw1u0iaz6ob23loyfw","404"
"pokemon","tk-xy-su","XY trainer Kit (Suicune)","29/30","Tierno","cmukzuxo51u0maz6omwiuuk8i","404"
"pokemon","2015xy","McDonald's Collection 2015","3/12","Torchic","cmukzv2311v2daz6o7tf6ye9y","404"
"pokemon","2015xy","McDonald's Collection 2015","6/12","Pikachu","cmukzv24b1v2taz6ouu1qwpm8","404"
"pokemon","2015xy","McDonald's Collection 2015","7/12","Electrike","cmukzv24q1v2zaz6onjbf5gx2","404"
"pokemon","2015xy","McDonald's Collection 2015","8/12","Rhyhorn","cmukzv2541v35az6oujby66re","404"
"pokemon","2015xy","McDonald's Collection 2015","9/12","Meditite","cmukzv25j1v39az6ouyocx19h","404"
"pokemon","2015xy","McDonald's Collection 2015","10/12","Marill","cmukzv25x1v3daz6oh2wiv7ew","404"
"pokemon","2015xy","McDonald's Collection 2015","2/12","Lotad","cmukzv22m1v29az6o3wkjxhwq","404"
"pokemon","2015xy","McDonald's Collection 2015","11/12","Zigzagoon","cmukzv26d1v3jaz6or2e7tkyt","404"
"pokemon","2015xy","McDonald's Collection 2015","5/12","Mudkip","cmukzv23w1v2naz6o4cv6kf39","404"
"pokemon","2015xy","McDonald's Collection 2015","1/12","Treecko","cmukzv2241v25az6of3exw3xg","404"
"pokemon","2015xy","McDonald's Collection 2015","12/12","Skitty","cmukzv26s1v3paz6o9wmy8fy4","404"
"pokemon","2015xy","McDonald's Collection 2015","4/12","Staryu","cmukzv23h1v2jaz6okghdtjrr","404"
"pokemon","tk-xy-latio","XY trainer Kit (Latios)","1/30","Skitty","cmukzv8sk1w8kaz6o41o7so3l","404"
"pokemon","tk-xy-latio","XY trainer Kit (Latios)","2/30","Fighting Energy","cmukzv8sv1w8oaz6oc84b2gfx","404"
"pokemon","tk-xy-latio","XY trainer Kit (Latios)","4/30","Rhydon","cmukzv8te1w8waz6o5wtumhkx","404"
"pokemon","tk-xy-latio","XY trainer Kit (Latios)","3/30","Fighting Energy","cmukzv8t51w8saz6obgzvdez1","404"
"pokemon","tk-xy-latio","XY trainer Kit (Latios)","14/30","Machoke","cmukzv8vz1wa2az6o7rkp7e97","404"
"pokemon","tk-xy-latio","XY trainer Kit (Latios)","11/30","Machop","cmukzv8v71w9oaz6o4kk2zuto","404"
"pokemon","tk-xy-latio","XY trainer Kit (Latios)","15/30","Rhyhorn","cmukzv8w81wa6az6on27kayns","404"
"pokemon","tk-xy-latio","XY trainer Kit (Latios)","13/30","Latios","cmukzv8vp1w9yaz6o6uswqm0h","404"
"pokemon","tk-xy-latio","XY trainer Kit (Latios)","10/30","Fighting Energy","cmukzv8ux1w9kaz6onr6rl0a5","404"
"pokemon","tk-xy-latio","XY trainer Kit (Latios)","8/30","Fighting Energy","cmukzv8ud1w9caz6ow9zcx3xu","404"
"pokemon","tk-xy-latio","XY trainer Kit (Latios)","6/30","Fighting Energy","cmukzv8tw1w94az6o3sh0jrkq","404"
"pokemon","tk-xy-latio","XY trainer Kit (Latios)","9/30","Fighting Energy","cmukzv8un1w9gaz6o5kytm549","404"
"pokemon","tk-xy-latio","XY trainer Kit (Latios)","5/30","Fighting Energy","cmukzv8tn1w90az6objbmlt29","404"
"pokemon","tk-xy-latio","XY trainer Kit (Latios)","16/30","Psychic Energy","cmukzv8wi1waaaz6o4vl4jmac","404"
"pokemon","tk-xy-latio","XY trainer Kit (Latios)","7/30","Fighting Energy","cmukzv8u51w98az6osic67507","404"
"pokemon","tk-xy-latio","XY trainer Kit (Latios)","12/30","Solrock","cmukzv8vg1w9saz6ogv29trjm","404"
"pokemon","tk-xy-latio","XY trainer Kit (Latios)","17/30","Fighting Energy","cmukzv8wr1waeaz6o25g1mhda","404"
"pokemon","tk-xy-latio","XY trainer Kit (Latios)","18/30","Psychic Energy","cmukzv8x11waiaz6oio5kihm0","404"
"pokemon","tk-xy-latio","XY trainer Kit (Latios)","20/30","Acro Bike","cmukzv8xn1wasaz6ozkcyalg6","404"
"pokemon","tk-xy-latio","XY trainer Kit (Latios)","21/30","Potion","cmukzv8xw1wawaz6oov9yt88g","404"
"pokemon","tk-xy-latio","XY trainer Kit (Latios)","22/30","Machoke","cmukzv8y51wb0az6ofwuxgaso","404"
"pokemon","tk-xy-latio","XY trainer Kit (Latios)","23/30","Rhyhorn","cmukzv8yg1wb4az6onp4hivva","404"
"pokemon","tk-xy-latio","XY trainer Kit (Latios)","25/30","Rhydon","cmukzv8z01wbdaz6oyc1wqnvc","404"
"pokemon","tk-xy-latio","XY trainer Kit (Latios)","24/30","Delcatty","cmukzv8yq1wb9az6oxc28ux0j","404"
"pokemon","tk-xy-latio","XY trainer Kit (Latios)","28/30","Machop","cmukzv8zu1wbpaz6oab8q62jg","404"
"pokemon","tk-xy-latio","XY trainer Kit (Latios)","29/30","Psychic Energy","cmukzv9041wbtaz6ohdnbyazq","404"
"pokemon","tk-xy-latio","XY trainer Kit (Latios)","30/30","Latios","cmukzv90e1wbxaz6ogdja7lft","404"
"pokemon","tk-xy-latio","XY trainer Kit (Latios)","19/30","Delcatty","cmukzv8xb1waoaz6ombg0eqcm","404"
"pokemon","tk-xy-latio","XY trainer Kit (Latios)","26/30","Solrock","cmukzv8za1wbhaz6ok9eutf9s","404"
"pokemon","tk-xy-latio","XY trainer Kit (Latios)","27/30","Skitty","cmukzv8zj1wblaz6o7q7pko0n","404"
"pokemon","tk-xy-latia","XY trainer Kit (Latias)","3/30","Grass Energy","cmukzvaxf1wt8az6ow0dps5ls","404"
"pokemon","tk-xy-latia","XY trainer Kit (Latias)","4/30","Fletchling","cmukzvaxp1wteaz6oh3n427rl","404"
"pokemon","tk-xy-latia","XY trainer Kit (Latias)","11/30","Lotad","cmukzvazq1wu6az6o0m1ps78g","404"
"pokemon","tk-xy-latia","XY trainer Kit (Latias)","16/30","Surskit","cmukzvb1j1wuwaz6o9k2j9o1u","404"
"pokemon","tk-xy-latia","XY trainer Kit (Latias)","9/30","Psychic Energy","cmukzvaz21wtyaz6o90c5ve2v","404"
"pokemon","tk-xy-latia","XY trainer Kit (Latias)","12/30","Tangrowth","cmukzvb031wucaz6o59e6u5fo","404"
"pokemon","tk-xy-latia","XY trainer Kit (Latias)","10/30","Psychic Energy","cmukzvaze1wu2az6ob0qag4eb","404"
"pokemon","tk-xy-latia","XY trainer Kit (Latias)","15/30","Potion","cmukzvb161wuqaz6oqh8tqc27","404"
"pokemon","tk-xy-latia","XY trainer Kit (Latias)","14/30","Latias","cmukzvb0s1wumaz6o3no1myzc","404"
"pokemon","tk-xy-latia","XY trainer Kit (Latias)","13/30","Tangela","cmukzvb0f1wugaz6oo0mcceoq","404"
"pokemon","tk-xy-latia","XY trainer Kit (Latias)","1/30","Grass Energy","cmukzvawt1wt0az6or5u2nmip","404"
"pokemon","tk-xy-latia","XY trainer Kit (Latias)","2/30","Grass Energy","cmukzvax51wt4az6oh5y0cf1p","404"
"pokemon","tk-xy-latia","XY trainer Kit (Latias)","6/30","Lombre","cmukzvay61wtmaz6opqri3eoe","404"
"pokemon","tk-xy-latia","XY trainer Kit (Latias)","8/30","Psychic Energy","cmukzvayr1wtuaz6o3qmye24r","404"
"pokemon","tk-xy-latia","XY trainer Kit (Latias)","7/30","Treecko","cmukzvayg1wtqaz6okmfm81v3","404"
"pokemon","tk-xy-latia","XY trainer Kit (Latias)","5/30","Grass Energy","cmukzvaxy1wtiaz6oqxwyc6f4","404"
"pokemon","tk-xy-latia","XY trainer Kit (Latias)","19/30","Grass Energy","cmukzvb2u1wvaaz6o1iby7un3","404"
"pokemon","tk-xy-latia","XY trainer Kit (Latias)","18/30","Grovyle","cmukzvb2b1wv6az6ocgfw1bo9","404"
"pokemon","tk-xy-latia","XY trainer Kit (Latias)","21/30","Lombre","cmukzvb3l1wviaz6odw3p2g4v","404"
"pokemon","tk-xy-latia","XY trainer Kit (Latias)","23/30","Lotad","cmukzvb4g1wvqaz6ozzp1od5i","404"
"pokemon","tk-xy-latia","XY trainer Kit (Latias)","20/30","Acro Bike","cmukzvb381wveaz6ovx8zt0p1","404"
"pokemon","tk-xy-latia","XY trainer Kit (Latias)","25/30","Tangrowth","cmukzvb5b1wvyaz6ogiz1ug66","404"
"pokemon","tk-xy-latia","XY trainer Kit (Latias)","22/30","Psychic Energy","cmukzvb411wvmaz6o2ubh7c04","404"
"pokemon","tk-xy-latia","XY trainer Kit (Latias)","29/30","Acro Bike","cmukzvb6y1wweaz6okw90odr8","404"
"pokemon","tk-xy-latia","XY trainer Kit (Latias)","26/30","Tangela","cmukzvb5t1ww2az6omtb89sc2","404"
"pokemon","tk-xy-latia","XY trainer Kit (Latias)","27/30","Grovyle","cmukzvb681ww6az6o3p945us7","404"
"pokemon","tk-xy-latia","XY trainer Kit (Latias)","24/30","Treecko","cmukzvb4x1wvuaz6okaq1gbba","404"
"pokemon","tk-xy-latia","XY trainer Kit (Latias)","30/30","Latias","cmukzvb7c1wwiaz6ohcw58ddj","404"
"pokemon","tk-xy-latia","XY trainer Kit (Latias)","28/30","Psychic Energy","cmukzvb6l1wwaaz6ozh8vyfx2","404"
"pokemon","tk-xy-latia","XY trainer Kit (Latias)","17/30","Psychic Energy","cmukzvb1w1wv0az6ot999bxj6","404"
"pokemon","tk-xy-w","XY trainer Kit (Wigglytuff)","14/30","Wigglytuff","cmukzvhsf1yb6az6opj8xzr6x","404"
"pokemon","tk-xy-w","XY trainer Kit (Wigglytuff)","2/30","Pidgeotto","cmukzvhpx1y9uaz6o2fiswbzu","404"
"pokemon","tk-xy-w","XY trainer Kit (Wigglytuff)","3/30","Fairy Energy","cmukzvhq71y9yaz6o105s5bgr","404"
"pokemon","tk-xy-w","XY trainer Kit (Wigglytuff)","1/30","Swirlix","cmukzvhpj1y9qaz6omp8iy18e","404"
"pokemon","tk-xy-w","XY trainer Kit (Wigglytuff)","9/30","Fairy Energy","cmukzvhrc1yamaz6on2okyrfv","404"
"pokemon","tk-xy-w","XY trainer Kit (Wigglytuff)","4/30","Sentret","cmukzvhqd1ya2az6oi8ixijub","404"
"pokemon","tk-xy-w","XY trainer Kit (Wigglytuff)","16/30","Clefable","cmukzvhsz1ybeaz6oa8uv8dsf","404"
"pokemon","tk-xy-w","XY trainer Kit (Wigglytuff)","6/30","Fairy Energy","cmukzvhqt1yaaaz6oxyyax78z","404"
"pokemon","tk-xy-w","XY trainer Kit (Wigglytuff)","11/30","Pidgey","cmukzvhro1yauaz6o4lk0mwrl","404"
"pokemon","tk-xy-w","XY trainer Kit (Wigglytuff)","15/30","Potion","cmukzvhsp1ybaaz6ow7bkcppf","404"
"pokemon","tk-xy-w","XY trainer Kit (Wigglytuff)","12/30","Jigglypuff","cmukzvhry1yayaz6ol30w92f7","404"
"pokemon","tk-xy-w","XY trainer Kit (Wigglytuff)","13/30","Clefairy","cmukzvhs51yb2az6o460zzhtu","404"
"pokemon","tk-xy-w","XY trainer Kit (Wigglytuff)","10/30","Fairy Energy","cmukzvhri1yaqaz6od7s7nds6","404"
"pokemon","tk-xy-w","XY trainer Kit (Wigglytuff)","8/30","Fairy Energy","cmukzvhr61yaiaz6oeot34ec2","404"
"pokemon","tk-xy-w","XY trainer Kit (Wigglytuff)","7/30","Fairy Energy","cmukzvhr01yaeaz6o9yna1wnl","404"
"pokemon","tk-xy-w","XY trainer Kit (Wigglytuff)","5/30","Fairy Energy","cmukzvhqm1ya6az6o9933iade","404"
"pokemon","tk-xy-w","XY trainer Kit (Wigglytuff)","19/30","Clefairy","cmukzvhtw1ybqaz6ojvhlzsvc","404"
"pokemon","tk-xy-w","XY trainer Kit (Wigglytuff)","27/30","Fairy Energy","cmukzvhvz1ycoaz6oe17q9q52","404"
"pokemon","tk-xy-w","XY trainer Kit (Wigglytuff)","28/30","Clefable","cmukzvhw61ycsaz6ohbsqyz6y","404"
"pokemon","tk-xy-w","XY trainer Kit (Wigglytuff)","29/30","Pidgey","cmukzvhwh1ycwaz6ozn721xvv","404"
"pokemon","tk-xy-w","XY trainer Kit (Wigglytuff)","23/30","Pidgeotto","cmukzvhuw1yc6az6o3mt8ck35","404"
"pokemon","tk-xy-w","XY trainer Kit (Wigglytuff)","22/30","Fairy Energy","cmukzvhum1yc2az6ozrzokcwz","404"
"pokemon","tk-xy-w","XY trainer Kit (Wigglytuff)","30/30","Wigglytuff","cmukzvhws1yd0az6oezmrpjui","404"
"pokemon","tk-xy-w","XY trainer Kit (Wigglytuff)","17/30","Fairy Energy","cmukzvhta1ybiaz6oi7mb8m5p","404"
"pokemon","tk-xy-w","XY trainer Kit (Wigglytuff)","21/30","Fairy Energy","cmukzvhug1ybyaz6oso34dpjt","404"
"pokemon","tk-xy-w","XY trainer Kit (Wigglytuff)","25/30","Jigglypuff","cmukzvhvf1ycgaz6olso65d2g","404"
"pokemon","tk-xy-w","XY trainer Kit (Wigglytuff)","24/30","Trevor","cmukzvhv61yccaz6o8wur9riw","404"
"pokemon","tk-xy-w","XY trainer Kit (Wigglytuff)","26/30","Tierno","cmukzvhvq1yckaz6oldg4245o","404"
"pokemon","tk-xy-w","XY trainer Kit (Wigglytuff)","20/30","Potion","cmukzvhu61ybuaz6oibflz7i8","404"
"pokemon","tk-xy-w","XY trainer Kit (Wigglytuff)","18/30","Swirlix","cmukzvhtl1ybmaz6orsz29p64","404"
"pokemon","tk-xy-b","XY trainer Kit (Bisharp)","2/30","Metal Energy","cmukzviz71yd9az6o95wkjh4u","404"
"pokemon","tk-xy-b","XY trainer Kit (Bisharp)","3/30","Metal Energy","cmukzvizf1yddaz6o7wjtw3ph","404"
"pokemon","tk-xy-b","XY trainer Kit (Bisharp)","16/30","Bisharp","cmukzvj2f1yevaz6o3bbgcqux","404"
"pokemon","tk-xy-b","XY trainer Kit (Bisharp)","1/30","Fletchling","cmukzviyt1yd5az6ok1wg4agb","404"
"pokemon","tk-xy-b","XY trainer Kit (Bisharp)","14/30","Doublade","cmukzvj1v1yelaz6op3hy6rlx","404"
"pokemon","tk-xy-b","XY trainer Kit (Bisharp)","11/30","Honedge","cmukzvj131ye9az6ohc895wyz","404"
"pokemon","tk-xy-b","XY trainer Kit (Bisharp)","10/30","Metal Energy","cmukzvj0x1ye5az6o2hqwstuo","404"
"pokemon","tk-xy-b","XY trainer Kit (Bisharp)","9/30","Metal Energy","cmukzvj0n1ye1az6ocfuzebhd","404"
"pokemon","tk-xy-b","XY trainer Kit (Bisharp)","7/30","Metal Energy","cmukzvj0b1ydtaz6o069uxqcy","404"
"pokemon","tk-xy-b","XY trainer Kit (Bisharp)","5/30","Metal Energy","cmukzvizw1ydlaz6ofkoeff06","404"
"pokemon","tk-xy-b","XY trainer Kit (Bisharp)","15/30","Slakoth","cmukzvj251yeraz6odil1lksk","404"
"pokemon","tk-xy-b","XY trainer Kit (Bisharp)","8/30","Metal Energy","cmukzvj0h1ydxaz6os5nsoyxv","404"
"pokemon","tk-xy-b","XY trainer Kit (Bisharp)","4/30","Vigoroth","cmukzvizl1ydhaz6o3meogel4","404"
"pokemon","tk-xy-b","XY trainer Kit (Bisharp)","13/30","Pawniard","cmukzvj1k1yehaz6o408fddy4","404"
"pokemon","tk-xy-b","XY trainer Kit (Bisharp)","6/30","Metal Energy","cmukzvj051ydpaz6o48102512","404"
"pokemon","tk-xy-b","XY trainer Kit (Bisharp)","12/30","Bidoof","cmukzvj1d1yedaz6o6pufe1hy","404"
"pokemon","tk-xy-b","XY trainer Kit (Bisharp)","19/30","Tierno","cmukzvj341yf7az6oth6v5qf9","404"
"pokemon","tk-xy-b","XY trainer Kit (Bisharp)","21/30","Pawniard","cmukzvj3p1yffaz6ox4h6jybc","404"
"pokemon","tk-xy-b","XY trainer Kit (Bisharp)","23/30","Doublade","cmukzvj461yfnaz6oilc977c6","404"
"pokemon","tk-xy-b","XY trainer Kit (Bisharp)","24/30","Metal Energy","cmukzvj4g1yfraz6o37kczmf8","404"
"pokemon","tk-xy-b","XY trainer Kit (Bisharp)","22/30","Metal Energy","cmukzvj3y1yfjaz6o3tgp9wu9","404"
"pokemon","tk-xy-b","XY trainer Kit (Bisharp)","28/30","Vigoroth","cmukzvj5d1yg7az6oxrc4i5gj","404"
"pokemon","tk-xy-b","XY trainer Kit (Bisharp)","26/30","Slakoth","cmukzvj4v1yfzaz6oapf0x36y","404"
"pokemon","tk-xy-b","XY trainer Kit (Bisharp)","20/30","Trevor","cmukzvj3f1yfbaz6odnskiexw","404"
"pokemon","tk-xy-b","XY trainer Kit (Bisharp)","29/30","Potion","cmukzvj5m1ygbaz6obia957lj","404"
"pokemon","tk-xy-b","XY trainer Kit (Bisharp)","18/30","Metal Energy","cmukzvj2y1yf3az6o4khrb8ti","404"
"pokemon","tk-xy-b","XY trainer Kit (Bisharp)","27/30","Honedge","cmukzvj541yg3az6oqby6hrsa","404"
"pokemon","tk-xy-b","XY trainer Kit (Bisharp)","25/30","Potion","cmukzvj4m1yfvaz6otwzz803u","404"
"pokemon","tk-xy-b","XY trainer Kit (Bisharp)","17/30","Patrat","cmukzvj2p1yezaz6o3i98pjjy","404"
"pokemon","tk-xy-b","XY trainer Kit (Bisharp)","30/30","Bisharp","cmukzvj5v1ygfaz6ouzk63vki","404"
"pokemon","2014xy","McDonald's Collection 2014","3/12","Fennekin","cmukzvlf71yy5az6orfr4gsr2","404"
"pokemon","2014xy","McDonald's Collection 2014","1/12","Weedle","cmukzvlee1yxxaz6o89i2bge2","404"
"pokemon","2014xy","McDonald's Collection 2014","4/12","Froakie","cmukzvlfl1yy9az6om3dr4x0p","404"
"pokemon","2014xy","McDonald's Collection 2014","8/12","Snubbull","cmukzvlhd1yyraz6o259u8w9v","404"
"pokemon","2014xy","McDonald's Collection 2014","7/12","Honedge","cmukzvlh01yynaz6oq2nckjy3","404"
"pokemon","2014xy","McDonald's Collection 2014","2/12","Chespin","cmukzvleu1yy1az6ob1tge65h","404"
"pokemon","2014xy","McDonald's Collection 2014","10/12","Bunnelby","cmukzvli31yyzaz6o2clgbf4k","404"
"pokemon","2014xy","McDonald's Collection 2014","6/12","Inkay","cmukzvlgh1yyhaz6ogkk7qlg6","404"
"pokemon","2014xy","McDonald's Collection 2014","11/12","Fletchling","cmukzvlif1yz5az6o1y67mnf4","404"
"pokemon","2014xy","McDonald's Collection 2014","9/12","Swirlix","cmukzvlhq1yyvaz6oe9rdhrnx","404"
"pokemon","2014xy","McDonald's Collection 2014","12/12","Furfrou","cmukzvlis1yz9az6oeezxlrkg","404"
"pokemon","2014xy","McDonald's Collection 2014","5/12","Pikachu","cmukzvlfz1yydaz6ofqad21ob","404"
"pokemon","tk-xy-n","XY trainer Kit (Noivern)","1/30","Spoink","cmukzvmt31yzeaz6odmxoit8n","404"
"pokemon","tk-xy-n","XY trainer Kit (Noivern)","4/30","Bunnelby","cmukzvmu11yzsaz6odlz301go","404"
"pokemon","tk-xy-n","XY trainer Kit (Noivern)","5/30","Psychic Energy","cmukzvmuc1yzwaz6ornld5fjt","404"
"pokemon","tk-xy-n","XY trainer Kit (Noivern)","14/30","Pokémon Catcher","cmukzvmx61z10az6onvjta72o","404"
"pokemon","tk-xy-n","XY trainer Kit (Noivern)","6/30","Psychic Energy","cmukzvmum1z00az6o8tt4a1mx","404"
"pokemon","tk-xy-n","XY trainer Kit (Noivern)","12/30","Noibat","cmukzvmwj1z0oaz6ofubuj6im","404"
"pokemon","tk-xy-n","XY trainer Kit (Noivern)","13/30","Noivern","cmukzvmwu1z0uaz6oure3rmt8","404"
"pokemon","tk-xy-n","XY trainer Kit (Noivern)","8/30","Psychic Energy","cmukzvmv91z08az6o96u6lteh","404"
"pokemon","tk-xy-n","XY trainer Kit (Noivern)","2/30","Gourgeist","cmukzvmtf1yzkaz6oo1haun6w","404"
"pokemon","tk-xy-n","XY trainer Kit (Noivern)","3/30","Arbok","cmukzvmtr1yzoaz6on9defhni","404"
"pokemon","tk-xy-n","XY trainer Kit (Noivern)","15/30","Potion","cmukzvmxc1z14az6o9yomxwkv","404"
"pokemon","tk-xy-n","XY trainer Kit (Noivern)","9/30","Psychic Energy","cmukzvmvn1z0caz6op252pvv3","404"
"pokemon","tk-xy-n","XY trainer Kit (Noivern)","10/30","Psychic Energy","cmukzvmvx1z0gaz6o76b58d4l","404"
"pokemon","tk-xy-n","XY trainer Kit (Noivern)","7/30","Psychic Energy","cmukzvmuz1z04az6o1e47sb7h","404"
"pokemon","tk-xy-n","XY trainer Kit (Noivern)","11/30","Pumpkaboo","cmukzvmw81z0kaz6o9uncvf1x","404"
"pokemon","tk-xy-n","XY trainer Kit (Noivern)","16/30","Ekans","cmukzvmxm1z18az6o1kbj2jhp","404"
"pokemon","tk-xy-n","XY trainer Kit (Noivern)","21/30","Poké Ball","cmukzvmz21z1uaz6oif5zliyt","404"
"pokemon","tk-xy-n","XY trainer Kit (Noivern)","24/30","Professor’s Letter","cmukzvmzp1z28az6o9e2pni84","404"
"pokemon","tk-xy-n","XY trainer Kit (Noivern)","18/30","Pumpkaboo","cmukzvmy71z1gaz6o3wr4trnn","404"
"pokemon","tk-xy-n","XY trainer Kit (Noivern)","23/30","Noibat","cmukzvmzi1z22az6oikc4llzr","404"
"pokemon","tk-xy-n","XY trainer Kit (Noivern)","25/30","Psychic Energy","cmukzvmzu1z2caz6osylfw380","404"
"pokemon","tk-xy-n","XY trainer Kit (Noivern)","26/30","Darkness Energy","cmukzvn051z2gaz6o1p010ssq","404"
"pokemon","tk-xy-n","XY trainer Kit (Noivern)","27/30","Potion","cmukzvn0f1z2kaz6o6mys4kyp","404"
"pokemon","tk-xy-n","XY trainer Kit (Noivern)","17/30","Psychic Energy","cmukzvmxx1z1caz6od9wks27z","404"
"pokemon","tk-xy-n","XY trainer Kit (Noivern)","19/30","Darkness Energy","cmukzvmyh1z1kaz6o847m32q8","404"
"pokemon","tk-xy-n","XY trainer Kit (Noivern)","28/30","Darkness Energy","cmukzvn0p1z2oaz6owhqcrsi7","404"
"pokemon","tk-xy-n","XY trainer Kit (Noivern)","30/30","Noivern","cmukzvn141z2waz6owfqhncu8","404"
"pokemon","tk-xy-n","XY trainer Kit (Noivern)","22/30","Darkness Energy","cmukzvmz81z1yaz6ottdflzcn","404"
"pokemon","tk-xy-n","XY trainer Kit (Noivern)","29/30","Switch","cmukzvn0y1z2saz6orhdw7csp","404"
"pokemon","tk-xy-n","XY trainer Kit (Noivern)","20/30","Furfrou","cmukzvmyr1z1qaz6oydlmlqvk","404"
"pokemon","tk-xy-sy","XY trainer Kit (Sylveon)","10/30","Fairy Energy","cmukzvown1zk4az6ovfqn0619","404"
"pokemon","tk-xy-sy","XY trainer Kit (Sylveon)","3/30","Fairy Energy","cmukzvouy1zjcaz6olw18smu8","404"
"pokemon","tk-xy-sy","XY trainer Kit (Sylveon)","1/30","Fletchling","cmukzvoud1zj4az6o80ukckum","404"
"pokemon","tk-xy-sy","XY trainer Kit (Sylveon)","4/30","Switch","cmukzvov71zjgaz6obulxti7g","404"
"pokemon","tk-xy-sy","XY trainer Kit (Sylveon)","9/30","Fairy Energy","cmukzvowf1zk0az6o8mzdzw13","404"
"pokemon","tk-xy-sy","XY trainer Kit (Sylveon)","2/30","Fairy Energy","cmukzvoup1zj8az6onv0whm2u","404"
"pokemon","tk-xy-sy","XY trainer Kit (Sylveon)","13/30","Eevee","cmukzvoxe1zkgaz6o7wxxb9zl","404"
"pokemon","tk-xy-sy","XY trainer Kit (Sylveon)","16/30","Furfrou","cmukzvoy61zkuaz6o4eremonc","404"
"pokemon","tk-xy-sy","XY trainer Kit (Sylveon)","12/30","Fairy Energy","cmukzvox51zkcaz6ofxsblxsg","404"
"pokemon","tk-xy-sy","XY trainer Kit (Sylveon)","8/30","Fairy Energy","cmukzvow61zjwaz6onacowe2e","404"
"pokemon","tk-xy-sy","XY trainer Kit (Sylveon)","14/30","Granbull","cmukzvoxn1zkkaz6o3rxia0q2","404"
"pokemon","tk-xy-sy","XY trainer Kit (Sylveon)","15/30","Sylveon","cmukzvoxx1zkqaz6o74oid00k","404"
"pokemon","tk-xy-sy","XY trainer Kit (Sylveon)","6/30","Fairy Energy","cmukzvovo1zjoaz6oxbx3gkrq","404"
"pokemon","tk-xy-sy","XY trainer Kit (Sylveon)","11/30","Snubbull","cmukzvoww1zk8az6ofeoe8wdk","404"
"pokemon","tk-xy-sy","XY trainer Kit (Sylveon)","5/30","Fairy Energy","cmukzvovf1zjkaz6olah1earj","404"
"pokemon","tk-xy-sy","XY trainer Kit (Sylveon)","7/30","Fairy Energy","cmukzvovx1zjsaz6osnlph9m6","404"
"pokemon","tk-xy-sy","XY trainer Kit (Sylveon)","22/30","Furfrou","cmukzvozv1zliaz6ol26gv2n7","404"
"pokemon","tk-xy-sy","XY trainer Kit (Sylveon)","20/30","Potion","cmukzvoz71zlaaz6omhm7cxas","404"
"pokemon","tk-xy-sy","XY trainer Kit (Sylveon)","18/30","Fairy Energy","cmukzvoyo1zl2az6otjd4zmmb","404"
"pokemon","tk-xy-sy","XY trainer Kit (Sylveon)","21/30","Eevee","cmukzvozk1zleaz6ov5dialtd","404"
"pokemon","tk-xy-sy","XY trainer Kit (Sylveon)","24/30","Potion","cmukzvp0d1zlqaz6oizl721n6","404"
"pokemon","tk-xy-sy","XY trainer Kit (Sylveon)","23/30","Pokémon Catcher","cmukzvp071zlmaz6oo7izc78u","404"
"pokemon","tk-xy-sy","XY trainer Kit (Sylveon)","17/30","Fairy Energy","cmukzvoyf1zkyaz6oyk1f8r6m","404"
"pokemon","tk-xy-sy","XY trainer Kit (Sylveon)","25/30","Fairy Energy","cmukzvp0l1zluaz6oi8b4egp6","404"
"pokemon","tk-xy-sy","XY trainer Kit (Sylveon)","19/30","Fletchling","cmukzvoyx1zl6az6o27p5m5up","404"
"pokemon","tk-xy-sy","XY trainer Kit (Sylveon)","27/30","Snubbull","cmukzvp0z1zm2az6owkokojc8","404"
"pokemon","tk-xy-sy","XY trainer Kit (Sylveon)","28/30","Professor’s Letter","cmukzvp181zm6az6o2zbqpka9","404"
"pokemon","tk-xy-sy","XY trainer Kit (Sylveon)","30/30","Sylveon","cmukzvp1n1zmeaz6oyvwugeaz","404"
"pokemon","tk-xy-sy","XY trainer Kit (Sylveon)","26/30","Poké Ball","cmukzvp0u1zlyaz6oili9835s","404"
"pokemon","tk-xy-sy","XY trainer Kit (Sylveon)","29/30","Granbull","cmukzvp1e1zmaaz6o3j9j3kwf","404"
"pokemon","xya","Yellow A Alternate","28a/6","Jolteon-EX","cmukzvp7n1zmraz6oyyxxh2of","404"
"pokemon","xya","Yellow A Alternate","54a/6","Zygarde-EX","cmukzvp7s1zmxaz6og8fx0onv","404"
"pokemon","xya","Yellow A Alternate","92a/6","Trainers’ Mail","cmukzvp831zn9az6oyub10r46","404"
"pokemon","xya","Yellow A Alternate","107a/6","Professor Sycamore","cmukzvp891zndaz6oyy26wuxo","404"
"pokemon","xya","Yellow A Alternate","24a/6","M Manectric-EX","cmukzvp7h1zmlaz6ohhwzt064","404"
"pokemon","xya","Yellow A Alternate","55a/6","M Lucario-EX","cmukzvp7y1zn3az6oq7fdatlu","404"
"pokemon","tk-bw-z","BW trainer Kit (Zoroark)","1/30","Purrloin","cmukzwjuq263caz6obwqfnom5","404"
"pokemon","tk-bw-z","BW trainer Kit (Zoroark)","10/30","Darkness Energy","cmukzwjyc264eaz6on8nqgkyk","404"
"pokemon","tk-bw-z","BW trainer Kit (Zoroark)","3/30","Darkness Energy","cmukzwjvq263maz6ogx90xa96","404"
"pokemon","tk-bw-z","BW trainer Kit (Zoroark)","9/30","Darkness Energy","cmukzwjxz264aaz6o54xfux2y","404"
"pokemon","tk-bw-z","BW trainer Kit (Zoroark)","6/30","Darkness Energy","cmukzwjwu263yaz6ot5c159vg","404"
"pokemon","tk-bw-z","BW trainer Kit (Zoroark)","15/30","Tranquill","cmukzwk0c2656az6ojq6axsiz","404"
"pokemon","tk-bw-z","BW trainer Kit (Zoroark)","8/30","Darkness Energy","cmukzwjxm2646az6oarr4tut1","404"
"pokemon","tk-bw-z","BW trainer Kit (Zoroark)","14/30","Pidove","cmukzwjzx2650az6orawiuexx","404"
"pokemon","tk-bw-z","BW trainer Kit (Zoroark)","4/30","Minccino","cmukzwjw3263qaz6oj214efeg","404"
"pokemon","tk-bw-z","BW trainer Kit (Zoroark)","7/30","Darkness Energy","cmukzwjx82642az6o6m67qp2v","404"
"pokemon","tk-bw-z","BW trainer Kit (Zoroark)","16/30","Energy Retrieval","cmukzwk0t265aaz6o7w7w490v","404"
"pokemon","tk-bw-z","BW trainer Kit (Zoroark)","13/30","Zorua","cmukzwjzk264uaz6o3a74b1mv","404"
"pokemon","tk-bw-z","BW trainer Kit (Zoroark)","5/30","Darkness Energy","cmukzwjwh263uaz6o5upkd9o2","404"
"pokemon","tk-bw-z","BW trainer Kit (Zoroark)","12/30","Patrat","cmukzwjz5264oaz6osfni5wb1","404"
"pokemon","tk-bw-z","BW trainer Kit (Zoroark)","2/30","Watchog","cmukzwjvb263iaz6obvr6bg4g","404"
"pokemon","tk-bw-z","BW trainer Kit (Zoroark)","11/30","PlusPower","cmukzwjyq264kaz6opluo3b23","404"
"pokemon","tk-bw-z","BW trainer Kit (Zoroark)","17/30","Zoroark","cmukzwk18265gaz6ovy0ufb5k","404"
"pokemon","tk-bw-z","BW trainer Kit (Zoroark)","19/30","Minccino","cmukzwk23265qaz6oqc2oscdu","404"
"pokemon","tk-bw-z","BW trainer Kit (Zoroark)","20/30","Darkness Energy","cmukzwk2i265uaz6oo6y0489g","404"
"pokemon","tk-bw-z","BW trainer Kit (Zoroark)","21/30","Pidove","cmukzwk2x265yaz6ohst8a3gu","404"
"pokemon","tk-bw-z","BW trainer Kit (Zoroark)","22/30","Darkness Energy","cmukzwk3f2662az6oyr58s0jf","404"
"pokemon","tk-bw-z","BW trainer Kit (Zoroark)","25/30","Purrloin","cmukzwk4m266eaz6o2xze2fam","404"
"pokemon","tk-bw-z","BW trainer Kit (Zoroark)","26/30","Darkness Energy","cmukzwk50266iaz6o1581p0it","404"
"pokemon","tk-bw-z","BW trainer Kit (Zoroark)","23/30","Zorua","cmukzwk3t2666az6o0r55pvc0","404"
"pokemon","tk-bw-z","BW trainer Kit (Zoroark)","28/30","Darkness Energy","cmukzwk5s266qaz6orln77xdg","404"
"pokemon","tk-bw-z","BW trainer Kit (Zoroark)","29/30","Patrat","cmukzwk67266uaz6omonoxjvh","404"
"pokemon","tk-bw-z","BW trainer Kit (Zoroark)","30/30","Zoroark","cmukzwk6m266yaz6oyer8c4zk","404"
"pokemon","tk-bw-z","BW trainer Kit (Zoroark)","18/30","Pokémon Communication","cmukzwk1n265maz6oc79z54vt","404"
"pokemon","tk-bw-z","BW trainer Kit (Zoroark)","24/30","Darkness Energy","cmukzwk48266aaz6ora5xcolq","404"
"pokemon","tk-bw-z","BW trainer Kit (Zoroark)","27/30","Energy Search","cmukzwk5d266maz6os4i3g8cw","404"
"pokemon","tk-bw-e","BW trainer Kit (Excadrill)","4/30","Energy Switch","cmukzwl22267haz6o6yn84z5z","404"
"pokemon","tk-bw-e","BW trainer Kit (Excadrill)","12/30","Audino","cmukzwl51268faz6ofhx41fv9","404"
"pokemon","tk-bw-e","BW trainer Kit (Excadrill)","2/30","Fighting Energy","cmukzwl1a2679az6oyeoho0py","404"
"pokemon","tk-bw-e","BW trainer Kit (Excadrill)","3/30","Fighting Energy","cmukzwl1p267daz6ozj33tzhp","404"
"pokemon","tk-bw-e","BW trainer Kit (Excadrill)","7/30","Fighting Energy","cmukzwl34267taz6o4oxn3g0o","404"
"pokemon","tk-bw-e","BW trainer Kit (Excadrill)","10/30","Fighting Energy","cmukzwl472685az6o6gpp7nfz","404"
"pokemon","tk-bw-e","BW trainer Kit (Excadrill)","6/30","Fighting Energy","cmukzwl2s267paz6ov6h7ip7q","404"
"pokemon","tk-bw-e","BW trainer Kit (Excadrill)","14/30","Gurdurr","cmukzwl5x268raz6o556lb8uz","404"
"pokemon","tk-bw-e","BW trainer Kit (Excadrill)","8/30","Fighting Energy","cmukzwl3h267xaz6o9z8zvyin","404"
"pokemon","tk-bw-e","BW trainer Kit (Excadrill)","5/30","Fighting Energy","cmukzwl2g267laz6oqzl3lqww","404"
"pokemon","tk-bw-e","BW trainer Kit (Excadrill)","11/30","Timburr","cmukzwl4o2689az6o4gitlmpc","404"
"pokemon","tk-bw-e","BW trainer Kit (Excadrill)","15/30","Potion","cmukzwl6h268vaz6obcq7p3d8","404"
"pokemon","tk-bw-e","BW trainer Kit (Excadrill)","1/30","Lillipup","cmukzwl0x2675az6omeqj0qgd","404"
"pokemon","tk-bw-e","BW trainer Kit (Excadrill)","9/30","Fighting Energy","cmukzwl3t2681az6ofbgtq0h8","404"
"pokemon","tk-bw-e","BW trainer Kit (Excadrill)","13/30","Drilbur","cmukzwl5g268laz6o8sw7ifmr","404"
"pokemon","tk-bw-e","BW trainer Kit (Excadrill)","16/30","PlusPower","cmukzwl6w268zaz6ow6heszil","404"
"pokemon","tk-bw-e","BW trainer Kit (Excadrill)","17/30","Excadrill","cmukzwl7b2695az6obaqvrj1b","404"
"pokemon","tk-bw-e","BW trainer Kit (Excadrill)","19/30","Herdier","cmukzwl80269faz6o0a3jlfp8","404"
"pokemon","tk-bw-e","BW trainer Kit (Excadrill)","23/30","Potion","cmukzwl9h269vaz6oefgk1d0e","404"
"pokemon","tk-bw-e","BW trainer Kit (Excadrill)","26/30","Fighting Energy","cmukzwlal26a7az6ogf3s334x","404"
"pokemon","tk-bw-e","BW trainer Kit (Excadrill)","25/30","Drilbur","cmukzwla726a3az6o7zj3xaxd","404"
"pokemon","tk-bw-e","BW trainer Kit (Excadrill)","24/30","Pokémon Communication","cmukzwl9u269zaz6ooofc0x4r","404"
"pokemon","tk-bw-e","BW trainer Kit (Excadrill)","27/30","Lillipup","cmukzwlaz26abaz6olu4b4sxw","404"
"pokemon","tk-bw-e","BW trainer Kit (Excadrill)","29/30","Timburr","cmukzwlbq26ajaz6o17zsd88d","404"
"pokemon","tk-bw-e","BW trainer Kit (Excadrill)","18/30","Audino","cmukzwl7n2699az6ov9umesrb","404"
"pokemon","tk-bw-e","BW trainer Kit (Excadrill)","20/30","Fighting Energy","cmukzwl8c269jaz6oz599nmh8","404"
"pokemon","tk-bw-e","BW trainer Kit (Excadrill)","21/30","Energy Search","cmukzwl8q269naz6o67kxsvfh","404"
"pokemon","tk-bw-e","BW trainer Kit (Excadrill)","28/30","Fighting Energy","cmukzwlbc26afaz6oayn18m56","404"
"pokemon","tk-bw-e","BW trainer Kit (Excadrill)","30/30","Excadrill","cmukzwlc526anaz6oekpga96y","404"
"pokemon","tk-bw-e","BW trainer Kit (Excadrill)","22/30","Fighting Energy","cmukzwl94269raz6ozmk5w54d","404"
"pokemon","tk-hs-g","HS trainer Kit (Gyarados)","6/30","Water Energy","cmukzx1it29veaz6ol1aisr0d","404"
"pokemon","tk-hs-g","HS trainer Kit (Gyarados)","4/30","Water Energy","cmukzx1i229v4az6ovtnnduxu","404"
"pokemon","tk-hs-g","HS trainer Kit (Gyarados)","2/30","Water Energy","cmukzx1hc29uwaz6oh4dtjk0s","404"
"pokemon","tk-hs-g","HS trainer Kit (Gyarados)","9/30","Water Energy","cmukzx1jw29vraz6oknx4ulud","404"
"pokemon","tk-hs-g","HS trainer Kit (Gyarados)","14/30","Totodile","cmukzx1ln29wbaz6ooxsxb072","404"
"pokemon","tk-hs-g","HS trainer Kit (Gyarados)","11/30","Water Energy","cmukzx1kl29vzaz6olnbt82nk","404"
"pokemon","tk-hs-g","HS trainer Kit (Gyarados)","12/30","Magikarp","cmukzx1ky29w3az6oshtrvije","404"
"pokemon","tk-hs-g","HS trainer Kit (Gyarados)","7/30","Water Energy","cmukzx1j629viaz6oma67xcyc","404"
"pokemon","tk-hs-g","HS trainer Kit (Gyarados)","8/30","Water Energy","cmukzx1jj29vmaz6oaiaqd9fx","404"
"pokemon","tk-hs-g","HS trainer Kit (Gyarados)","10/30","Water Energy","cmukzx1k829vvaz6o7ss6fqq1","404"
"pokemon","tk-hs-g","HS trainer Kit (Gyarados)","1/30","Totodile","cmukzx1gv29usaz6oeonle4oz","404"
"pokemon","tk-hs-g","HS trainer Kit (Gyarados)","3/30","Water Energy","cmukzx1ho29v0az6oyqrom0d7","404"
"pokemon","tk-hs-g","HS trainer Kit (Gyarados)","15/30","Marill","cmukzx1m129whaz6orqbz4uxb","404"
"pokemon","tk-hs-g","HS trainer Kit (Gyarados)","5/30","Bill","cmukzx1ig29vaaz6oronb6uwm","404"
"pokemon","tk-hs-g","HS trainer Kit (Gyarados)","16/30","Water Energy","cmukzx1mg29wlaz6omc2d0bqv","404"
"pokemon","tk-hs-g","HS trainer Kit (Gyarados)","13/30","Croconaw","cmukzx1la29w7az6oikef4r4d","404"
"pokemon","tk-hs-g","HS trainer Kit (Gyarados)","26/30","Water Energy","cmukzx1qm29xxaz6oz3sv09al","404"
"pokemon","tk-hs-g","HS trainer Kit (Gyarados)","19/30","Magikarp","cmukzx1nn29wxaz6olqx0xdyt","404"
"pokemon","tk-hs-g","HS trainer Kit (Gyarados)","25/30","Professor Elm's Training Method","cmukzx1q629xtaz6ori7s2bve","404"
"pokemon","tk-hs-g","HS trainer Kit (Gyarados)","27/30","Pokémon Communication","cmukzx1r229y1az6ou05whfyb","404"
"pokemon","tk-hs-g","HS trainer Kit (Gyarados)","17/30","Croconaw","cmukzx1mu29wpaz6olyoud601","404"
"pokemon","tk-hs-g","HS trainer Kit (Gyarados)","23/30","Poké Ball","cmukzx1p929xjaz6onvd7fcck","404"
"pokemon","tk-hs-g","HS trainer Kit (Gyarados)","18/30","Bill","cmukzx1na29wtaz6o09vc0g1g","404"
"pokemon","tk-hs-g","HS trainer Kit (Gyarados)","24/30","Marill","cmukzx1pq29xnaz6otsc82ko4","404"
"pokemon","tk-hs-g","HS trainer Kit (Gyarados)","30/30","Gyarados","cmukzx1sc29ydaz6ou8snf05g","404"
"pokemon","tk-hs-g","HS trainer Kit (Gyarados)","29/30","Water Energy","cmukzx1rx29y9az6omceg1390","404"
"pokemon","tk-hs-g","HS trainer Kit (Gyarados)","20/30","Gyarados","cmukzx1o429x1az6obf81d4rm","404"
"pokemon","tk-hs-g","HS trainer Kit (Gyarados)","21/30","Energy Switch","cmukzx1od29x7az6onz7hu6v9","404"
"pokemon","tk-hs-g","HS trainer Kit (Gyarados)","28/30","Switch","cmukzx1rh29y5az6o7wyvel51","404"
"pokemon","tk-hs-g","HS trainer Kit (Gyarados)","22/30","Pokémon Communication","cmukzx1ot29xdaz6oiotef981","404"
"pokemon","tk-hs-r","HS trainer Kit (Raichu)","1/30","Moomoo Milk","cmukzx1vu29yjaz6oqqcdd796","404"
"pokemon","tk-hs-r","HS trainer Kit (Raichu)","4/30","Meowth","cmukzx1x129yzaz6ocmq5dd7s","404"
"pokemon","tk-hs-r","HS trainer Kit (Raichu)","10/30","Lightning Energy","cmukzx1z029znaz6ooijrrta4","404"
"pokemon","tk-hs-r","HS trainer Kit (Raichu)","6/30","Lightning Energy","cmukzx1xq29z7az6ojdegp5om","404"
"pokemon","tk-hs-r","HS trainer Kit (Raichu)","7/30","Lightning Energy","cmukzx1y229zbaz6oy3p8qavi","404"
"pokemon","tk-hs-r","HS trainer Kit (Raichu)","3/30","Flaaffy","cmukzx1wn29yvaz6oiutz8wz2","404"
"pokemon","tk-hs-r","HS trainer Kit (Raichu)","11/30","Lightning Energy","cmukzx1zc29zraz6ohrin92ei","404"
"pokemon","tk-hs-r","HS trainer Kit (Raichu)","14/30","Lightning Energy","cmukzx20g2a05az6ocu5852sf","404"
"pokemon","tk-hs-r","HS trainer Kit (Raichu)","15/30","Lightning Energy","cmukzx20t2a09az6obr2q7d8h","404"
"pokemon","tk-hs-r","HS trainer Kit (Raichu)","12/30","Meowth","cmukzx1zo29zvaz6oyr5rsjuz","404"
"pokemon","tk-hs-r","HS trainer Kit (Raichu)","5/30","Lightning Energy","cmukzx1xe29z3az6oiwrm73pt","404"
"pokemon","tk-hs-r","HS trainer Kit (Raichu)","8/30","Lightning Energy","cmukzx1yd29zfaz6oljwuqsbt","404"
"pokemon","tk-hs-r","HS trainer Kit (Raichu)","9/30","Lightning Energy","cmukzx1yp29zjaz6omyqcyv3p","404"
"pokemon","tk-hs-r","HS trainer Kit (Raichu)","13/30","Mareep","cmukzx2012a01az6od5hioy76","404"
"pokemon","tk-hs-r","HS trainer Kit (Raichu)","16/30","Pikachu","cmukzx2172a0daz6oowgjed8a","404"
"pokemon","tk-hs-r","HS trainer Kit (Raichu)","2/30","Pikachu","cmukzx1wa29ypaz6opaoi2hi0","404"
"pokemon","tk-hs-r","HS trainer Kit (Raichu)","17/30","Flaaffy","cmukzx21n2a0haz6olu88580y","404"
"pokemon","tk-hs-r","HS trainer Kit (Raichu)","19/30","Raichu","cmukzx22h2a0raz6ole7kq9cs","404"
"pokemon","tk-hs-r","HS trainer Kit (Raichu)","18/30","Lightning Energy","cmukzx2232a0laz6ob1d2zql3","404"
"pokemon","tk-hs-r","HS trainer Kit (Raichu)","23/30","Lightning Energy","cmukzx2442a1baz6ocyaet0cn","404"
"pokemon","tk-hs-r","HS trainer Kit (Raichu)","22/30","Pokémon Collector","cmukzx23q2a17az6o4itg5bhh","404"
"pokemon","tk-hs-r","HS trainer Kit (Raichu)","21/30","Copycat","cmukzx23c2a11az6otyd7pyzv","404"
"pokemon","tk-hs-r","HS trainer Kit (Raichu)","25/30","Poké Ball","cmukzx24u2a1jaz6ovtwxp9t1","404"
"pokemon","tk-hs-r","HS trainer Kit (Raichu)","24/30","Switch","cmukzx24h2a1faz6og6yiczeb","404"
"pokemon","tk-hs-r","HS trainer Kit (Raichu)","26/30","Moomoo Milk","cmukzx2582a1naz6oiuutr34f","404"
"pokemon","tk-hs-r","HS trainer Kit (Raichu)","28/30","Lightning Energy","cmukzx25x2a1vaz6o0tqesqjp","404"
"pokemon","tk-hs-r","HS trainer Kit (Raichu)","29/30","Energy Switch","cmukzx26a2a1zaz6oxt076xy2","404"
"pokemon","tk-hs-r","HS trainer Kit (Raichu)","20/30","Mareep","cmukzx22x2a0vaz6o397erm7c","404"
"pokemon","tk-hs-r","HS trainer Kit (Raichu)","30/30","Raichu","cmukzx26o2a23az6o1qridfq2","404"
"pokemon","tk-hs-r","HS trainer Kit (Raichu)","27/30","Pokémon Collector","cmukzx25l2a1raz6o0d61l7qy","404"
"pokemon","hgssp","HGSS Black Star Promos","HGSS19/25","Raikou","cmukzx3802a54az6ovyc4cgjd","404"
"pokemon","hgssp","HGSS Black Star Promos","HGSS18/25","Tropical Tidal Wave","cmukzx37o2a4yaz6o79uz2gcm","404"
"pokemon","hgssp","HGSS Black Star Promos","HGSS21/25","Suicune","cmukzx38u2a5gaz6ozer75lz9","404"
"pokemon","hgssp","HGSS Black Star Promos","HGSS25/25","Hitmonlee","cmukzx3af2a60az6o52jcbqqq","404"
"pokemon","hgssp","HGSS Black Star Promos","HGSS17/25","Minun","cmukzx37a2a4saz6oc242qwnr","404"
"pokemon","hgssp","HGSS Black Star Promos","HGSS22/25","Porygon","cmukzx3972a5maz6oit2xtxpz","404"
"pokemon","hgssp","HGSS Black Star Promos","HGSS24/25","Hitmonchan","cmukzx3a02a5waz6os5aop47d","404"
"pokemon","hgssp","HGSS Black Star Promos","HGSS20/25","Entei","cmukzx38e2a5aaz6ovr25wjex","404"
"pokemon","hgssp","HGSS Black Star Promos","HGSS23/25","Porygon2","cmukzx39m2a5saz6o8bm939hs","404"
"pokemon","tk-dp-m","DP trainer Kit (Manaphy)","3/12","Goldeen","cmukzxzg42hxcaz6oxhh6bsri","404"
"pokemon","tk-dp-m","DP trainer Kit (Manaphy)","5/12","Piplup","cmukzxzgr2hxmaz6ow4oh25d8","404"
"pokemon","tk-dp-m","DP trainer Kit (Manaphy)","12/12","Water Energy","cmukzxzis2hykaz6ojjpctwet","404"
"pokemon","tk-dp-m","DP trainer Kit (Manaphy)","6/12","Prinplup","cmukzxzh22hxsaz6oa5hgqzvm","404"
"pokemon","tk-dp-m","DP trainer Kit (Manaphy)","7/12","Seaking","cmukzxzhc2hxyaz6o76gjfl6w","404"
"pokemon","tk-dp-m","DP trainer Kit (Manaphy)","9/12","Dusk Ball","cmukzxzhx2hy8az6o7c155eys","404"
"pokemon","tk-dp-m","DP trainer Kit (Manaphy)","8/12","Totodile","cmukzxzhm2hy4az6o75nxekju","404"
"pokemon","tk-dp-m","DP trainer Kit (Manaphy)","2/12","Floatzel","cmukzxzft2hx6az6okwr96uzs","404"
"pokemon","tk-dp-m","DP trainer Kit (Manaphy)","11/12","Potion","cmukzxzij2hygaz6o3nfd44lb","404"
"pokemon","tk-dp-m","DP trainer Kit (Manaphy)","4/12","Manaphy","cmukzxzgf2hxgaz6oaa7430cy","404"
"pokemon","tk-dp-m","DP trainer Kit (Manaphy)","10/12","Energy Search","cmukzxzi82hycaz6o2z79kvwj","404"
"pokemon","tk-dp-m","DP trainer Kit (Manaphy)","1/12","Buizel","cmukzxzff2hx0az6o4gnizwz6","404"
"pokemon","tk-dp-l","DP trainer Kit (Lucario)","1/11","Geodude","cmukzy04y2hyraz6o62y3pk1m","404"
"pokemon","tk-dp-l","DP trainer Kit (Lucario)","5/11","Machop","cmukzy0632hzdaz6owth2kao0","404"
"pokemon","tk-dp-l","DP trainer Kit (Lucario)","2/11","Graveler","cmukzy0582hyxaz6o3dmh5oc9","404"
"pokemon","tk-dp-l","DP trainer Kit (Lucario)","4/11","Machoke","cmukzy05t2hz9az6owplu2kyq","404"
"pokemon","tk-dp-l","DP trainer Kit (Lucario)","7/11","Starly","cmukzy06q2hzlaz6oxh82dg4t","404"
"pokemon","tk-dp-l","DP trainer Kit (Lucario)","11/11","Fighting Energy","cmukzy0802i01az6o9z2afd89","404"
"pokemon","tk-dp-l","DP trainer Kit (Lucario)","10/11","Quick Ball","cmukzy07p2hzxaz6o6awyf0vh","404"
"pokemon","tk-dp-l","DP trainer Kit (Lucario)","3/11","Lucario","cmukzy05j2hz3az6o452rnhwm","404"
"pokemon","tk-dp-l","DP trainer Kit (Lucario)","9/11","Potion","cmukzy07d2hztaz6o1mewknd5","404"
"pokemon","tk-dp-l","DP trainer Kit (Lucario)","8/11","Energy Search","cmukzy0712hzpaz6oulr49pxv","404"
"pokemon","tk-dp-l","DP trainer Kit (Lucario)","6/11","Riolu","cmukzy06e2hzhaz6oz81853fc","404"
"pokemon","tk-ex-m","EX trainer Kit 2 (Minun)","2/12","Charmander","cmukzyhvm2lusaz6oyeyjz5hi","404"
"pokemon","tk-ex-m","EX trainer Kit 2 (Minun)","11/12","Fire Energy","cmukzyhyy2lw4az6o282wwdlo","404"
"pokemon","tk-ex-m","EX trainer Kit 2 (Minun)","9/12","Energy Search","cmukzyhy82lvwaz6omejbcm21","404"
"pokemon","tk-ex-m","EX trainer Kit 2 (Minun)","10/12","Potion","cmukzyhyl2lw0az6o4ovtq5p3","404"
"pokemon","tk-ex-m","EX trainer Kit 2 (Minun)","3/12","Charmeleon","cmukzyhvz2luyaz6owz6pvyiq","404"
"pokemon","tk-ex-m","EX trainer Kit 2 (Minun)","8/12","Celio's Network","cmukzyhxu2lvqaz6oo03nkkwj","404"
"pokemon","tk-ex-m","EX trainer Kit 2 (Minun)","1/12","Arcanine","cmukzyhv82luoaz6obu0knl2q","404"
"pokemon","tk-ex-m","EX trainer Kit 2 (Minun)","4/12","Growlithe","cmukzyhwd2lv2az6oxqkqktyc","404"
"pokemon","tk-ex-m","EX trainer Kit 2 (Minun)","12/12","Lightning Energy","cmukzyhz62lw8az6oqjru1z5o","404"
"pokemon","tk-ex-m","EX trainer Kit 2 (Minun)","6/12","Minun","cmukzyhx42lveaz6oqi083xz7","404"
"pokemon","tk-ex-m","EX trainer Kit 2 (Minun)","5/12","Mareep","cmukzyhwq2lv8az6ofs0onuq4","404"
"pokemon","tk-ex-m","EX trainer Kit 2 (Minun)","7/12","Vulpix","cmukzyhxh2lvkaz6ojbsfjeyw","404"
"pokemon","tk-ex-p","EX trainer Kit 2 (Plusle)","5/12","Metang","cmukzyife2lx1az6o947xtj26","404"
"pokemon","tk-ex-p","EX trainer Kit 2 (Plusle)","3/12","Grumpig","cmukzyieo2lwraz6o2dmoq5v4","404"
"pokemon","tk-ex-p","EX trainer Kit 2 (Plusle)","1/12","Beldum","cmukzyidu2lwfaz6ormye18ay","404"
"pokemon","tk-ex-p","EX trainer Kit 2 (Plusle)","2/12","Electrike","cmukzyieb2lwlaz6oneuomtom","404"
"pokemon","tk-ex-p","EX trainer Kit 2 (Plusle)","4/12","Meowth","cmukzyif12lwvaz6o900esfkn","404"
"pokemon","tk-ex-p","EX trainer Kit 2 (Plusle)","8/12","Energy Search","cmukzyigg2lxjaz6os34r2kcq","404"
"pokemon","tk-ex-p","EX trainer Kit 2 (Plusle)","7/12","Spoink","cmukzyig32lxdaz6o922kc565","404"
"pokemon","tk-ex-p","EX trainer Kit 2 (Plusle)","10/12","Professor Cozmo's Discovery","cmukzyih72lxraz6oe33npqpi","404"
"pokemon","tk-ex-p","EX trainer Kit 2 (Plusle)","11/12","Lightning Energy","cmukzyihn2lxvaz6osz5sw0sw","404"
"pokemon","tk-ex-p","EX trainer Kit 2 (Plusle)","9/12","Potion","cmukzyigs2lxnaz6omfdoov15","404"
"pokemon","tk-ex-p","EX trainer Kit 2 (Plusle)","12/12","Psychic Energy","cmukzyihy2lxzaz6owbh2rwo7","404"
"pokemon","tk-ex-p","EX trainer Kit 2 (Plusle)","6/12","Plusle","cmukzyifq2lx7az6o2cavnh9f","404"
"pokemon","exu","Unseen Forces Unown Collection","C/28","Unown","cmukzyn4c2mw8az6o9gfm0bvw","404"
"pokemon","exu","Unseen Forces Unown Collection","F/28","Unown","cmukzyn5r2mwqaz6o79yn4hdq","404"
"pokemon","exu","Unseen Forces Unown Collection","E/28","Unown","cmukzyn592mwkaz6oz3czpw6l","404"
"pokemon","exu","Unseen Forces Unown Collection","G/28","Unown","cmukzyn662mwwaz6oze1ip305","404"
"pokemon","exu","Unseen Forces Unown Collection","J/28","Unown","cmukzyn7m2mxeaz6otwzi4jdc","404"
"pokemon","exu","Unseen Forces Unown Collection","I/28","Unown","cmukzyn742mx8az6ow0g8urq1","404"
"pokemon","exu","Unseen Forces Unown Collection","A/28","Unown","cmukzyn3d2mvwaz6ogvq2p068","404"
"pokemon","exu","Unseen Forces Unown Collection","O/28","Unown","cmukzyn9z2my8az6ozylb92iv","404"
"pokemon","exu","Unseen Forces Unown Collection","D/28","Unown","cmukzyn4s2mweaz6ok7cf5zly","404"
"pokemon","exu","Unseen Forces Unown Collection","!/28","Unown","cmukzyn2x2mvqaz6ou9xdx4p5","404"
"pokemon","exu","Unseen Forces Unown Collection","L/28","Unown","cmukzyn8l2mxqaz6ovvt0tega","404"
"pokemon","exu","Unseen Forces Unown Collection","N/28","Unown","cmukzyn9i2my2az6oam2inex5","404"
"pokemon","exu","Unseen Forces Unown Collection","M/28","Unown","cmukzyn912mxwaz6ojvsebnj8","404"
"pokemon","exu","Unseen Forces Unown Collection","H/28","Unown","cmukzyn6n2mx2az6oln3mir9m","404"
"pokemon","exu","Unseen Forces Unown Collection","K/28","Unown","cmukzyn822mxkaz6ofe3v35lp","404"
"pokemon","exu","Unseen Forces Unown Collection","B/28","Unown","cmukzyn3u2mw2az6or75i9zc0","404"
"pokemon","exu","Unseen Forces Unown Collection","P/28","Unown","cmukzynaf2myeaz6oqzk3wbm1","404"
"pokemon","exu","Unseen Forces Unown Collection","T/28","Unown","cmukzync72mz2az6o3757w68v","404"
"pokemon","exu","Unseen Forces Unown Collection","S/28","Unown","cmukzynbq2mywaz6oct4c2iol","404"
"pokemon","exu","Unseen Forces Unown Collection","Z/28","Unown","cmukzyneu2n02az6os2hp8xxe","404"
"pokemon","exu","Unseen Forces Unown Collection","R/28","Unown","cmukzynbb2myqaz6oebzywer4","404"
"pokemon","exu","Unseen Forces Unown Collection","U/28","Unown","cmukzyncn2mz8az6o8yn3kgeg","404"
"pokemon","exu","Unseen Forces Unown Collection","V/28","Unown","cmukzynd42mzeaz6oq66snzr1","404"
"pokemon","exu","Unseen Forces Unown Collection","Q/28","Unown","cmukzynaw2mykaz6oks68zd1t","404"
"pokemon","exu","Unseen Forces Unown Collection","Y/28","Unown","cmukzynee2mzwaz6ol62molm4","404"
"pokemon","exu","Unseen Forces Unown Collection","X/28","Unown","cmukzyne02mzqaz6ofadcj6u2","404"
"pokemon","exu","Unseen Forces Unown Collection","W/28","Unown","cmukzyndj2mzkaz6og5ecqreg","404"
"pokemon","tk-ex-latio","EX trainer Kit (Latios)","6/10","Pikachu","cmukzz0lq2ps9az6odzr8xfqm","404"
"pokemon","tk-ex-latio","EX trainer Kit (Latios)","2/10","Latios","cmukzz0k92prpaz6o0imyudvw","404"
"pokemon","tk-ex-latio","EX trainer Kit (Latios)","8/10","Potion","cmukzz0mh2psjaz6owyrhz3fd","404"
"pokemon","tk-ex-latio","EX trainer Kit (Latios)","5/10","Magneton","cmukzz0lc2ps5az6ozu5qqboy","404"
"pokemon","tk-ex-latio","EX trainer Kit (Latios)","9/10","Energy Search","cmukzz0mw2psnaz6o63r9yeay","404"
"pokemon","tk-ex-latio","EX trainer Kit (Latios)","4/10","Magnemite","cmukzz0kz2przaz6o5s4uuweo","404"
"pokemon","tk-ex-latio","EX trainer Kit (Latios)","10/10","Lightning Energy","cmukzz0n92psraz6olg3x5amx","404"
"pokemon","tk-ex-latio","EX trainer Kit (Latios)","3/10","Linoone","cmukzz0kl2prvaz6o8e9w6ptz","404"
"pokemon","tk-ex-latio","EX trainer Kit (Latios)","1/10","Electrike","cmukzz0jq2prjaz6oqtfny92t","404"
"pokemon","tk-ex-latio","EX trainer Kit (Latios)","7/10","Zigzagoon","cmukzz0m32psfaz6o8o9b8xrl","404"
"pokemon","tk-ex-latia","EX trainer Kit (Latias)","1/10","Bagon","cmukzz2xi2qgxaz6oek664par","404"
"pokemon","tk-ex-latia","EX trainer Kit (Latias)","6/10","Skitty","cmukzz2zf2qhpaz6os648b98n","404"
"pokemon","tk-ex-latia","EX trainer Kit (Latias)","8/10","Potion","cmukzz3052qhzaz6ok3g78249","404"
"pokemon","tk-ex-latia","EX trainer Kit (Latias)","5/10","Numel","cmukzz2z22qhlaz6o03p6bfcc","404"
"pokemon","tk-ex-latia","EX trainer Kit (Latias)","7/10","Torchic","cmukzz2zs2qhvaz6ocu3qy1ue","404"
"pokemon","tk-ex-latia","EX trainer Kit (Latias)","3/10","Delcatty","cmukzz2yb2qh9az6oy16u7cx1","404"
"pokemon","tk-ex-latia","EX trainer Kit (Latias)","2/10","Combusken","cmukzz2xy2qh3az6otdvhzyzj","404"
"pokemon","tk-ex-latia","EX trainer Kit (Latias)","9/10","Energy Search","cmukzz30j2qi3az6odcbxxadm","404"
"pokemon","tk-ex-latia","EX trainer Kit (Latias)","4/10","Latias","cmukzz2yp2qhfaz6oug9d9e1m","404"
"pokemon","tk-ex-latia","EX trainer Kit (Latias)","10/10","Fire Energy","cmukzz30w2qi7az6o7gjhjyjd","404"
"pokemon","ex5.5","Poké Card Creator Pack","1/5","Treecko","cmukzz3eb2qieaz6of9uqhf50","404"
"pokemon","ex5.5","Poké Card Creator Pack","5/5","Pikachu","cmukzz3ff2qj2az6onix5ckda","404"
"pokemon","ex5.5","Poké Card Creator Pack","4/5","Mudkip","cmukzz3f62qiwaz6ong5oq41u","404"
"pokemon","ex5.5","Poké Card Creator Pack","3/5","Torchic","cmukzz3ex2qiqaz6o09kldkhl","404"
"pokemon","ex5.5","Poké Card Creator Pack","2/5","Wurmple","cmukzz3em2qikaz6ocz33vsix","404"
"pokemon","ecard3","Skyridge","H01/144","Alakazam","cmukzzln92ulcaz6o85swl7zm","404"
"pokemon","ecard3","Skyridge","H04/144","Beedrill","cmukzzlow2uloaz6ov4vvrzj3","404"
"pokemon","ecard3","Skyridge","H02/144","Arcanine","cmukzzlnt2ulgaz6orfqdqinf","404"
"pokemon","ecard3","Skyridge","H05/144","Crobat","cmukzzlpe2ulsaz6oco28kdhj","404"
"pokemon","ecard3","Skyridge","H08/144","Forretress","cmukzzlr62um4az6oikkq1tv7","404"
"pokemon","ecard3","Skyridge","H06/144","Dewgong","cmukzzlq22ulwaz6o3spzyb9b","404"
"pokemon","ecard3","Skyridge","H07/144","Flareon","cmukzzlqn2um0az6o06e6bp0y","404"
"pokemon","ecard3","Skyridge","H09/144","Gengar","cmukzzlrx2um8az6olo79tg30","404"
"pokemon","ecard3","Skyridge","H03/144","Articuno","cmukzzloc2ulkaz6offmgonqf","404"
"pokemon","ecard2","Aquapolis","H03/147","Ariados","cmukzzos32vmmaz6osuos424v","404"
"pokemon","ecard2","Aquapolis","H02/147","Arcanine","cmukzzorq2vmiaz6ofmmgmyne","404"
"pokemon","ecard2","Aquapolis","H01/147","Ampharos","cmukzzore2vmeaz6odd6gjato","404"
"pokemon","ecard2","Aquapolis","H05/147","Bellossom","cmukzzost2vmuaz6oh4qkgerx","404"
"pokemon","ecard2","Aquapolis","H09/147","Espeon","cmukzzoua2vnaaz6ohbn2ijuw","404"
"pokemon","ecard2","Aquapolis","H04/147","Azumarill","cmukzzosf2vmqaz6oi9dkvrtk","404"
"pokemon","ecard2","Aquapolis","H06/147","Blissey","cmukzzot62vmyaz6oz8p0eyzh","404"
"pokemon","ecard2","Aquapolis","H07/147","Electrode","cmukzzotj2vn2az6o65x9h81u","404"
"pokemon","ecard2","Aquapolis","H08/147","Entei","cmukzzotx2vn6az6ol9jnzsuj","404"
"pokemon","ecard2","Aquapolis","50a/147","Golduck","cmukzzn2s2v00az6o95avopfz","404"
"pokemon","ecard2","Aquapolis","74a/147","Drowzee","cmukzznht2v5aaz6ogaegtfkz","404"
"pokemon","ecard2","Aquapolis","74b/147","Drowzee","cmukzznie2v5gaz6oiepg8r0j","404"
"pokemon","ecard2","Aquapolis","95b/147","Mr. Mime","cmukzznut2va2az6owhs539av","404"
"pokemon","ecard2","Aquapolis","95a/147","Mr. Mime","cmukzznvi2va8az6otzsv1k37","404"
"pokemon","ecard2","Aquapolis","103b/147","Porygon","cmukzzo0f2vbyaz6out4y9nid","404"
"pokemon","ecard2","Aquapolis","103a/147","Porygon","cmukzzo112vc4az6o6laxzrev","404"
"pokemon","ecard2","Aquapolis","50b/147","Golduck","cmukzzn252uzuaz6o4xu854fy","404"
"pokemon","bog","Best of game","6/9","Dark Ivysaur","cmukzzpxg2vqvaz6ovqn5o0r2","404"
"pokemon","bog","Best of game","9/9","Rocket’s Hitmonchan","cmukzzpyw2vrdaz6o7txx7jvw","404"
"pokemon","bog","Best of game","4/9","Rocket’s Scizor","cmukzzpwn2vqjaz6od88skfbv","404"
"pokemon","bog","Best of game","8/9","Rocket’s Mewtwo","cmukzzpyh2vr7az6oaykmz5xm","404"
"pokemon","bog","Best of game","7/9","Dark Venusaur","cmukzzpxz2vr1az6o170cd9s0","404"
"pokemon","bog","Best of game","5/9","Rocket’s Sneasel","cmukzzpx22vqpaz6o56mhad49","404"
"pokemon","bog","Best of game","1/9","Electabuzz","cmukzzpv72vq3az6otum5rq7y","404"
"pokemon","bog","Best of game","3/9","Professor Elm","cmukzzpw62vqdaz6o52v5f9bi","404"
"pokemon","bog","Best of game","2/9","Hitmonchan","cmukzzpvp2vq7az6o95tiogrm","404"
"pokemon","miscp","Miscellaneous Promos","001/1","Ancient Mew","cmul00kgt31siaz6o4zew7zem","404"
